"image_name";"article_id";"artifact_id";"image_path"
"0-__10_p059_d03964ed_img1_35d0c0f2cc_6694be38d3c6.jpg";60;"0- _10_p059_d03964ed";"C:UsersUtilisateurDesktopIRONHACK_DACOURSESFINAL_PROJECTfinal_project_looted_artefactsfiguresweb_photos/0-__10_p059_d03964ed_img1_35d0c0f2cc_6694be38d3c6.jpg"
"0-__10_p061_1748219e_img1_c6e81cc79f_8ab9654a8953.jpg";62;"0- _10_p061_1748219e";"C:UsersUtilisateurDesktopIRONHACK_DACOURSESFINAL_PROJECTfinal_project_looted_artefactsfiguresweb_photos/0-__10_p061_1748219e_img1_c6e81cc79f_8ab9654a8953.jpg"
"0-__10_p062_e4da8aed_img1_c275de771b_43d203285fd6.jpg";63;"0- _10_p062_e4da8aed";"C:UsersUtilisateurDesktopIRONHACK_DACOURSESFINAL_PROJECTfinal_project_looted_artefactsfiguresweb_photos/0-__10_p062_e4da8aed_img1_c275de771b_43d203285fd6.jpg"
"0-__10_p063_7c650d5d_img1_a36bfab2a6_6dd62839dd04.jpg";64;"0- _10_p063_7c650d5d";"C:UsersUtilisateurDesktopIRONHACK_DACOURSESFINAL_PROJECTfinal_project_looted_artefactsfiguresweb_photos/0-__10_p063_7c650d5d_img1_a36bfab2a6_6dd62839dd04.jpg"
"0-__10_p065_20d411b4_img1_9daf5f0ec2_7817f9e541a6.jpg";66;"0- _10_p065_20d411b4";"C:UsersUtilisateurDesktopIRONHACK_DACOURSESFINAL_PROJECTfinal_project_looted_artefactsfiguresweb_photos/0-__10_p065_20d411b4_img1_9daf5f0ec2_7817f9e541a6.jpg"
"0-__10_p067_ac96fcd1_img1_7fef31ff36_71e110f0ea5e.jpg";68;"0- _10_p067_ac96fcd1";"C:UsersUtilisateurDesktopIRONHACK_DACOURSESFINAL_PROJECTfinal_project_looted_artefactsfiguresweb_photos/0-__10_p067_ac96fcd1_img1_7fef31ff36_71e110f0ea5e.jpg"
"0-__10_p068_ba9aadb6_img1_ede56b9b06_77163e3e829d.jpg";69;"0- _10_p068_ba9aadb6";"C:UsersUtilisateurDesktopIRONHACK_DACOURSESFINAL_PROJECTfinal_project_looted_artefactsfiguresweb_photos/0-__10_p068_ba9aadb6_img1_ede56b9b06_77163e3e829d.jpg"
"0-__10_p069_fbb166c8_img1_8b47fb8af8_c8c29e20cf6b.jpg";70;"0- _10_p069_fbb166c8";"C:UsersUtilisateurDesktopIRONHACK_DACOURSESFINAL_PROJECTfinal_project_looted_artefactsfiguresweb_photos/0-__10_p069_fbb166c8_img1_8b47fb8af8_c8c29e20cf6b.jpg"
"0-__10_p070_89bc8721_img1_6c36e0c0cb_bf9082b7a292.jpg";71;"0- _10_p070_89bc8721";"C:UsersUtilisateurDesktopIRONHACK_DACOURSESFINAL_PROJECTfinal_project_looted_artefactsfiguresweb_photos/0-__10_p070_89bc8721_img1_6c36e0c0cb_bf9082b7a292.jpg"
"0-__10_p071_9aa6662e_img1_de272de87b_a64873b4eb0a.jpg";72;"0- _10_p071_9aa6662e";"C:UsersUtilisateurDesktopIRONHACK_DACOURSESFINAL_PROJECTfinal_project_looted_artefactsfiguresweb_photos/0-__10_p071_9aa6662e_img1_de272de87b_a64873b4eb0a.jpg"
"0-__10_p072_6288a421_img1_e3c8ff751c_f15339f3e23b.jpg";73;"0- _10_p072_6288a421";"C:UsersUtilisateurDesktopIRONHACK_DACOURSESFINAL_PROJECTfinal_project_looted_artefactsfiguresweb_photos/0-__10_p072_6288a421_img1_e3c8ff751c_f15339f3e23b.jpg"
"0-__10_p073_d8fc1a04_img1_604e95d333_a2b5946cb357.jpg";74;"0- _10_p073_d8fc1a04";"C:UsersUtilisateurDesktopIRONHACK_DACOURSESFINAL_PROJECTfinal_project_looted_artefactsfiguresweb_photos/0-__10_p073_d8fc1a04_img1_604e95d333_a2b5946cb357.jpg"
"0-__10_p074_c161f5cf_img1_c5282b4431_4eda5b7d07d1.jpg";75;"0- _10_p074_c161f5cf";"C:UsersUtilisateurDesktopIRONHACK_DACOURSESFINAL_PROJECTfinal_project_looted_artefactsfiguresweb_photos/0-__10_p074_c161f5cf_img1_c5282b4431_4eda5b7d07d1.jpg"
"0-__10_p076_234f216d_img1_29a44db50b_edba5ca9e9a4.jpg";76;"0- _10_p076_234f216d";"C:UsersUtilisateurDesktopIRONHACK_DACOURSESFINAL_PROJECTfinal_project_looted_artefactsfiguresweb_photos/0-__10_p076_234f216d_img1_29a44db50b_edba5ca9e9a4.jpg"
"0-__10_p080_6756332a_img1_6d56c49a4e_69ecf63de8d9.jpg";79;"0- _10_p080_6756332a";"C:UsersUtilisateurDesktopIRONHACK_DACOURSESFINAL_PROJECTfinal_project_looted_artefactsfiguresweb_photos/0-__10_p080_6756332a_img1_6d56c49a4e_69ecf63de8d9.jpg"
"0-__10_p081_235de0d7_img1_022acee5fc_0430685f2992.jpg";80;"0- _10_p081_235de0d7";"C:UsersUtilisateurDesktopIRONHACK_DACOURSESFINAL_PROJECTfinal_project_looted_artefactsfiguresweb_photos/0-__10_p081_235de0d7_img1_022acee5fc_0430685f2992.jpg"
"0-__10_p083_ac6e1897_img1_bc65668f4a_9eba84a314fa.jpg";82;"0- _10_p083_ac6e1897";"C:UsersUtilisateurDesktopIRONHACK_DACOURSESFINAL_PROJECTfinal_project_looted_artefactsfiguresweb_photos/0-__10_p083_ac6e1897_img1_bc65668f4a_9eba84a314fa.jpg"
"0-__10_p095_f45e4544_img1_e73b0a94ba_48dd10afcba6.jpg";83;"0- _10_p095_f45e4544";"C:UsersUtilisateurDesktopIRONHACK_DACOURSESFINAL_PROJECTfinal_project_looted_artefactsfiguresweb_photos/0-__10_p095_f45e4544_img1_e73b0a94ba_48dd10afcba6.jpg"
"0-__14_p022_e7ef2ce4_img1_d91d3a97d8_ab5ea31e8223.jpg";222;"0- _14_p022_e7ef2ce4";"C:UsersUtilisateurDesktopIRONHACK_DACOURSESFINAL_PROJECTfinal_project_looted_artefactsfiguresweb_photos/0-__14_p022_e7ef2ce4_img1_d91d3a97d8_ab5ea31e8223.jpg"
"0-__14_p026_2c507d36_img1_65c410c09d_1f48cb3bc1c3.jpg";223;"0- _14_p026_2c507d36";"C:UsersUtilisateurDesktopIRONHACK_DACOURSESFINAL_PROJECTfinal_project_looted_artefactsfiguresweb_photos/0-__14_p026_2c507d36_img1_65c410c09d_1f48cb3bc1c3.jpg"
"0-__14_p027_ec708607_img1_f41d559c6f_c97e70a7bce5.jpg";224;"0- _14_p027_ec708607";"C:UsersUtilisateurDesktopIRONHACK_DACOURSESFINAL_PROJECTfinal_project_looted_artefactsfiguresweb_photos/0-__14_p027_ec708607_img1_f41d559c6f_c97e70a7bce5.jpg"
"0-__14_p028_4041cb1f_img1_b42c549043_24d6a26dd41e.jpg";225;"0- _14_p028_4041cb1f";"C:UsersUtilisateurDesktopIRONHACK_DACOURSESFINAL_PROJECTfinal_project_looted_artefactsfiguresweb_photos/0-__14_p028_4041cb1f_img1_b42c549043_24d6a26dd41e.jpg"
"0-__14_p036_90bc3926_img1_90139b81e0_46cc5b7cd416.jpg";230;"0- _14_p036_90bc3926";"C:UsersUtilisateurDesktopIRONHACK_DACOURSESFINAL_PROJECTfinal_project_looted_artefactsfiguresweb_photos/0-__14_p036_90bc3926_img1_90139b81e0_46cc5b7cd416.jpg"
"0-__14_p037_d8eb0074_img1_7b831c6bf0_5816ce0d6984.jpg";231;"0- _14_p037_d8eb0074";"C:UsersUtilisateurDesktopIRONHACK_DACOURSESFINAL_PROJECTfinal_project_looted_artefactsfiguresweb_photos/0-__14_p037_d8eb0074_img1_7b831c6bf0_5816ce0d6984.jpg"
"0-__14_p040_58885c6e_img1_49391888cf_5dfe519997ae.jpg";234;"0- _14_p040_58885c6e";"C:UsersUtilisateurDesktopIRONHACK_DACOURSESFINAL_PROJECTfinal_project_looted_artefactsfiguresweb_photos/0-__14_p040_58885c6e_img1_49391888cf_5dfe519997ae.jpg"
"0-__14_p041_6240297d_img1_4b9fa9730c_98ecdcb52608.jpg";235;"0- _14_p041_6240297d";"C:UsersUtilisateurDesktopIRONHACK_DACOURSESFINAL_PROJECTfinal_project_looted_artefactsfiguresweb_photos/0-__14_p041_6240297d_img1_4b9fa9730c_98ecdcb52608.jpg"
"0-__14_p042_78ff3cb5_img1_988499094a_2a3e4350ba0b.jpg";236;"0- _14_p042_78ff3cb5";"C:UsersUtilisateurDesktopIRONHACK_DACOURSESFINAL_PROJECTfinal_project_looted_artefactsfiguresweb_photos/0-__14_p042_78ff3cb5_img1_988499094a_2a3e4350ba0b.jpg"
"0-__14_p043_1add3b82_img1_77d97bea1a_a4a17093c9a7.jpg";237;"0- _14_p043_1add3b82";"C:UsersUtilisateurDesktopIRONHACK_DACOURSESFINAL_PROJECTfinal_project_looted_artefactsfiguresweb_photos/0-__14_p043_1add3b82_img1_77d97bea1a_a4a17093c9a7.jpg"
"0-__14_p044_dfa1c7a5_img1_2b3850da54_c11059606ef2.jpg";238;"0- _14_p044_dfa1c7a5";"C:UsersUtilisateurDesktopIRONHACK_DACOURSESFINAL_PROJECTfinal_project_looted_artefactsfiguresweb_photos/0-__14_p044_dfa1c7a5_img1_2b3850da54_c11059606ef2.jpg"
"0-__16_p003_a478c1a3_img2_bef800e969_9fe1b1a91098.jpg";84;"0- _16_p003_a478c1a3";"C:UsersUtilisateurDesktopIRONHACK_DACOURSESFINAL_PROJECTfinal_project_looted_artefactsfiguresweb_photos/0-__16_p003_a478c1a3_img2_bef800e969_9fe1b1a91098.jpg"
"0-__16_p003_a478c1a3_img3_4160dc065e_3a3a6da56dbf.jpg";84;"0- _16_p003_a478c1a3";"C:UsersUtilisateurDesktopIRONHACK_DACOURSESFINAL_PROJECTfinal_project_looted_artefactsfiguresweb_photos/0-__16_p003_a478c1a3_img3_4160dc065e_3a3a6da56dbf.jpg"
"0-__16_p008_0033d68a_img1_e57d93ae3b_70db505ca4ac.jpg";85;"0- _16_p008_0033d68a";"C:UsersUtilisateurDesktopIRONHACK_DACOURSESFINAL_PROJECTfinal_project_looted_artefactsfiguresweb_photos/0-__16_p008_0033d68a_img1_e57d93ae3b_70db505ca4ac.jpg"
"0-__16_p008_0033d68a_img2_05d3af60fd_5975f889bbc7.jpg";85;"0- _16_p008_0033d68a";"C:UsersUtilisateurDesktopIRONHACK_DACOURSESFINAL_PROJECTfinal_project_looted_artefactsfiguresweb_photos/0-__16_p008_0033d68a_img2_05d3af60fd_5975f889bbc7.jpg"
"0-__16_p008_0033d68a_img3_542e7efebf_883abb502cef.jpg";85;"0- _16_p008_0033d68a";"C:UsersUtilisateurDesktopIRONHACK_DACOURSESFINAL_PROJECTfinal_project_looted_artefactsfiguresweb_photos/0-__16_p008_0033d68a_img3_542e7efebf_883abb502cef.jpg"
"0-__16_p009_67e0ca1b_img1_913f395c26_9af1980cf585.jpg";86;"0- _16_p009_67e0ca1b";"C:UsersUtilisateurDesktopIRONHACK_DACOURSESFINAL_PROJECTfinal_project_looted_artefactsfiguresweb_photos/0-__16_p009_67e0ca1b_img1_913f395c26_9af1980cf585.jpg"
"0-__16_p010_1a66044c_img1_a17e2cc683_40d56a10516a.jpg";87;"0- _16_p010_1a66044c";"C:UsersUtilisateurDesktopIRONHACK_DACOURSESFINAL_PROJECTfinal_project_looted_artefactsfiguresweb_photos/0-__16_p010_1a66044c_img1_a17e2cc683_40d56a10516a.jpg"
"0-__16_p010_1a66044c_img3_02a1d8a9ab_a29ff51e1db1.jpg";87;"0- _16_p010_1a66044c";"C:UsersUtilisateurDesktopIRONHACK_DACOURSESFINAL_PROJECTfinal_project_looted_artefactsfiguresweb_photos/0-__16_p010_1a66044c_img3_02a1d8a9ab_a29ff51e1db1.jpg"
"0-__16_p011_ba9f2252_img1_91b559cb5e_2e89e23b8336.jpg";88;"0- _16_p011_ba9f2252";"C:UsersUtilisateurDesktopIRONHACK_DACOURSESFINAL_PROJECTfinal_project_looted_artefactsfiguresweb_photos/0-__16_p011_ba9f2252_img1_91b559cb5e_2e89e23b8336.jpg"
"0-__16_p012_54866ff3_img3_9af597479d_8ac12b243c8d.jpg";89;"0- _16_p012_54866ff3";"C:UsersUtilisateurDesktopIRONHACK_DACOURSESFINAL_PROJECTfinal_project_looted_artefactsfiguresweb_photos/0-__16_p012_54866ff3_img3_9af597479d_8ac12b243c8d.jpg"
"0-__16_p014_9c48a41b_img3_619ac22d63_c491b6fd182e.jpg";90;"0- _16_p014_9c48a41b";"C:UsersUtilisateurDesktopIRONHACK_DACOURSESFINAL_PROJECTfinal_project_looted_artefactsfiguresweb_photos/0-__16_p014_9c48a41b_img3_619ac22d63_c491b6fd182e.jpg"
"0-__19_p005_bc5c1fc3_img1_c10e0cf78e_db7b68d19a42.jpg";135;"0- _19_p005_bc5c1fc3";"C:UsersUtilisateurDesktopIRONHACK_DACOURSESFINAL_PROJECTfinal_project_looted_artefactsfiguresweb_photos/0-__19_p005_bc5c1fc3_img1_c10e0cf78e_db7b68d19a42.jpg"
"0-__19_p020_651730f0_img1_4d75a69317_a51116dfc152.jpg";139;"0- _19_p020_651730f0";"C:UsersUtilisateurDesktopIRONHACK_DACOURSESFINAL_PROJECTfinal_project_looted_artefactsfiguresweb_photos/0-__19_p020_651730f0_img1_4d75a69317_a51116dfc152.jpg"
"0-__19_p023_faae9bc7_img1_7b9527b60e_53ae5ce7eea0.jpg";140;"0- _19_p023_faae9bc7";"C:UsersUtilisateurDesktopIRONHACK_DACOURSESFINAL_PROJECTfinal_project_looted_artefactsfiguresweb_photos/0-__19_p023_faae9bc7_img1_7b9527b60e_53ae5ce7eea0.jpg"
"0-__19_p023_faae9bc7_img2_f25c31628d_251e0abe24eb.jpg";140;"0- _19_p023_faae9bc7";"C:UsersUtilisateurDesktopIRONHACK_DACOURSESFINAL_PROJECTfinal_project_looted_artefactsfiguresweb_photos/0-__19_p023_faae9bc7_img2_f25c31628d_251e0abe24eb.jpg"
"0-__19_p023_faae9bc7_img3_1bb0a145f1_3b779a1b9e45.jpg";140;"0- _19_p023_faae9bc7";"C:UsersUtilisateurDesktopIRONHACK_DACOURSESFINAL_PROJECTfinal_project_looted_artefactsfiguresweb_photos/0-__19_p023_faae9bc7_img3_1bb0a145f1_3b779a1b9e45.jpg"
"0-__21_p002_6e218938_img1_1b31e0ad7b_00986f73c8f0.jpg";154;"0- _21_p002_6e218938";"C:UsersUtilisateurDesktopIRONHACK_DACOURSESFINAL_PROJECTfinal_project_looted_artefactsfiguresweb_photos/0-__21_p002_6e218938_img1_1b31e0ad7b_00986f73c8f0.jpg"
"0-__21_p002_6e218938_img2_e2584e26b7_39e806bb6292.jpg";154;"0- _21_p002_6e218938";"C:UsersUtilisateurDesktopIRONHACK_DACOURSESFINAL_PROJECTfinal_project_looted_artefactsfiguresweb_photos/0-__21_p002_6e218938_img2_e2584e26b7_39e806bb6292.jpg"
"0-__21_p002_6e218938_img3_96f5fb70a2_e169cb864f77.jpg";154;"0- _21_p002_6e218938";"C:UsersUtilisateurDesktopIRONHACK_DACOURSESFINAL_PROJECTfinal_project_looted_artefactsfiguresweb_photos/0-__21_p002_6e218938_img3_96f5fb70a2_e169cb864f77.jpg"
"0-__21_p012_cb36e5e4_img1_72df685e8f_2eae40775884.jpg";155;"0- _21_p012_cb36e5e4";"C:UsersUtilisateurDesktopIRONHACK_DACOURSESFINAL_PROJECTfinal_project_looted_artefactsfiguresweb_photos/0-__21_p012_cb36e5e4_img1_72df685e8f_2eae40775884.jpg"
"0-__21_p012_cb36e5e4_img2_e63115a2bc_3dfcdf1c50ac.jpg";155;"0- _21_p012_cb36e5e4";"C:UsersUtilisateurDesktopIRONHACK_DACOURSESFINAL_PROJECTfinal_project_looted_artefactsfiguresweb_photos/0-__21_p012_cb36e5e4_img2_e63115a2bc_3dfcdf1c50ac.jpg"
"0-__21_p013_5466316d_img1_436cb6f7f9_5a7b6e9bfd02.jpg";156;"0- _21_p013_5466316d";"C:UsersUtilisateurDesktopIRONHACK_DACOURSESFINAL_PROJECTfinal_project_looted_artefactsfiguresweb_photos/0-__21_p013_5466316d_img1_436cb6f7f9_5a7b6e9bfd02.jpg"
"0-__21_p014_587c3579_img1_37a6667d22_1081595c8f4c.jpg";157;"0- _21_p014_587c3579";"C:UsersUtilisateurDesktopIRONHACK_DACOURSESFINAL_PROJECTfinal_project_looted_artefactsfiguresweb_photos/0-__21_p014_587c3579_img1_37a6667d22_1081595c8f4c.jpg"
"0-__21_p015_8de652d6_img1_c79e50838a_95fe0a6309d5.jpg";158;"0- _21_p015_8de652d6";"C:UsersUtilisateurDesktopIRONHACK_DACOURSESFINAL_PROJECTfinal_project_looted_artefactsfiguresweb_photos/0-__21_p015_8de652d6_img1_c79e50838a_95fe0a6309d5.jpg"
"0-__21_p016_7c432e20_img1_0b402f51bf_a808510c2039.jpg";159;"0- _21_p016_7c432e20";"C:UsersUtilisateurDesktopIRONHACK_DACOURSESFINAL_PROJECTfinal_project_looted_artefactsfiguresweb_photos/0-__21_p016_7c432e20_img1_0b402f51bf_a808510c2039.jpg"
"0-__21_p016_7c432e20_img2_23c4c82b51_2823b763bbd9.jpg";159;"0- _21_p016_7c432e20";"C:UsersUtilisateurDesktopIRONHACK_DACOURSESFINAL_PROJECTfinal_project_looted_artefactsfiguresweb_photos/0-__21_p016_7c432e20_img2_23c4c82b51_2823b763bbd9.jpg"
"0-__21_p016_7c432e20_img3_ce5088da52_c51984c99576.jpg";159;"0- _21_p016_7c432e20";"C:UsersUtilisateurDesktopIRONHACK_DACOURSESFINAL_PROJECTfinal_project_looted_artefactsfiguresweb_photos/0-__21_p016_7c432e20_img3_ce5088da52_c51984c99576.jpg"
"0-__21_p026_e8ab5e07_img1_6dea6ad49c_3590f69d4958.jpg";161;"0- _21_p026_e8ab5e07";"C:UsersUtilisateurDesktopIRONHACK_DACOURSESFINAL_PROJECTfinal_project_looted_artefactsfiguresweb_photos/0-__21_p026_e8ab5e07_img1_6dea6ad49c_3590f69d4958.jpg"
"0-__22_p004_4c5b844c_img1_8e21b54f9f_d5252084804c.webp";201;"0- _22_p004_4c5b844c";"C:UsersUtilisateurDesktopIRONHACK_DACOURSESFINAL_PROJECTfinal_project_looted_artefactsfiguresweb_photos/0-__22_p004_4c5b844c_img1_8e21b54f9f_d5252084804c.webp"
"0-__22_p009_ab2ed43b_img1_3304137125_073115f274d5.jpg";203;"0- _22_p009_ab2ed43b";"C:UsersUtilisateurDesktopIRONHACK_DACOURSESFINAL_PROJECTfinal_project_looted_artefactsfiguresweb_photos/0-__22_p009_ab2ed43b_img1_3304137125_073115f274d5.jpg"
"0-__22_p009_ab2ed43b_img2_01f6dd2fd1_b5ae89d37eef.jpg";203;"0- _22_p009_ab2ed43b";"C:UsersUtilisateurDesktopIRONHACK_DACOURSESFINAL_PROJECTfinal_project_looted_artefactsfiguresweb_photos/0-__22_p009_ab2ed43b_img2_01f6dd2fd1_b5ae89d37eef.jpg"
"0-__22_p011_683adcce_img1_d244dbeeb1_c24e289d781a.jpg";205;"0- _22_p011_683adcce";"C:UsersUtilisateurDesktopIRONHACK_DACOURSESFINAL_PROJECTfinal_project_looted_artefactsfiguresweb_photos/0-__22_p011_683adcce_img1_d244dbeeb1_c24e289d781a.jpg"
"0-__22_p012_ec9c65d5_img1_d1f4741325_b35194803289.jpg";206;"0- _22_p012_ec9c65d5";"C:UsersUtilisateurDesktopIRONHACK_DACOURSESFINAL_PROJECTfinal_project_looted_artefactsfiguresweb_photos/0-__22_p012_ec9c65d5_img1_d1f4741325_b35194803289.jpg"
"0-__22_p014_f8a5f56a_img1_cf81e59b0d_e6698eaafccc.jpg";207;"0- _22_p014_f8a5f56a";"C:UsersUtilisateurDesktopIRONHACK_DACOURSESFINAL_PROJECTfinal_project_looted_artefactsfiguresweb_photos/0-__22_p014_f8a5f56a_img1_cf81e59b0d_e6698eaafccc.jpg"
"0-__22_p015_88c123d1_img1_1d4a8414ec_5f3e8fd0206e.jpg";208;"0- _22_p015_88c123d1";"C:UsersUtilisateurDesktopIRONHACK_DACOURSESFINAL_PROJECTfinal_project_looted_artefactsfiguresweb_photos/0-__22_p015_88c123d1_img1_1d4a8414ec_5f3e8fd0206e.jpg"
"0-__22_p017_6abd9361_img1_41ed4e6469_5dedee541967.jpg";210;"0- _22_p017_6abd9361";"C:UsersUtilisateurDesktopIRONHACK_DACOURSESFINAL_PROJECTfinal_project_looted_artefactsfiguresweb_photos/0-__22_p017_6abd9361_img1_41ed4e6469_5dedee541967.jpg"
"0-__22_p018_439e9ea8_img1_711467edb2_18f7753b5125.jpg";211;"0- _22_p018_439e9ea8";"C:UsersUtilisateurDesktopIRONHACK_DACOURSESFINAL_PROJECTfinal_project_looted_artefactsfiguresweb_photos/0-__22_p018_439e9ea8_img1_711467edb2_18f7753b5125.jpg"
"0-__22_p019_3b93fef1_img1_f592d60dd4_7cb27978e330.jpg";212;"0- _22_p019_3b93fef1";"C:UsersUtilisateurDesktopIRONHACK_DACOURSESFINAL_PROJECTfinal_project_looted_artefactsfiguresweb_photos/0-__22_p019_3b93fef1_img1_f592d60dd4_7cb27978e330.jpg"
"0-__22_p020_d68dbfc2_img1_f52f6291f0_e38e6c547223.jpg";213;"0- _22_p020_d68dbfc2";"C:UsersUtilisateurDesktopIRONHACK_DACOURSESFINAL_PROJECTfinal_project_looted_artefactsfiguresweb_photos/0-__22_p020_d68dbfc2_img1_f52f6291f0_e38e6c547223.jpg"
"0-__22_p021_05077278_img1_5627b18aec_02477fdce6e7.jpg";214;"0- _22_p021_05077278";"C:UsersUtilisateurDesktopIRONHACK_DACOURSESFINAL_PROJECTfinal_project_looted_artefactsfiguresweb_photos/0-__22_p021_05077278_img1_5627b18aec_02477fdce6e7.jpg"
"0-__22_p022_e2eb1dc8_img1_a74cb3fa43_c548849d30fb.jpg";215;"0- _22_p022_e2eb1dc8";"C:UsersUtilisateurDesktopIRONHACK_DACOURSESFINAL_PROJECTfinal_project_looted_artefactsfiguresweb_photos/0-__22_p022_e2eb1dc8_img1_a74cb3fa43_c548849d30fb.jpg"
"0-__22_p023_23c77c9b_img1_0b0cd1b54d_17af80adb78b.jpg";216;"0- _22_p023_23c77c9b";"C:UsersUtilisateurDesktopIRONHACK_DACOURSESFINAL_PROJECTfinal_project_looted_artefactsfiguresweb_photos/0-__22_p023_23c77c9b_img1_0b0cd1b54d_17af80adb78b.jpg"
"0-__22_p024_df087257_img1_1d8b695460_422aa6ad354e.jpg";217;"0- _22_p024_df087257";"C:UsersUtilisateurDesktopIRONHACK_DACOURSESFINAL_PROJECTfinal_project_looted_artefactsfiguresweb_photos/0-__22_p024_df087257_img1_1d8b695460_422aa6ad354e.jpg"
"0-__22_p024_df087257_img2_9c32007e91_a9b1ca1b7abd.jpg";217;"0- _22_p024_df087257";"C:UsersUtilisateurDesktopIRONHACK_DACOURSESFINAL_PROJECTfinal_project_looted_artefactsfiguresweb_photos/0-__22_p024_df087257_img2_9c32007e91_a9b1ca1b7abd.jpg"
"0-__25_p027_b022fb35_img1_12e3e48c68_497d30db6aba.jpg";2;"0- _25_p027_b022fb35";"C:UsersUtilisateurDesktopIRONHACK_DACOURSESFINAL_PROJECTfinal_project_looted_artefactsfiguresweb_photos/0-__25_p027_b022fb35_img1_12e3e48c68_497d30db6aba.jpg"
"0-__25_p038_a303509a_img1_94ab4d7d6b_2ebca8915cd1.jpg";5;"0- _25_p038_a303509a";"C:UsersUtilisateurDesktopIRONHACK_DACOURSESFINAL_PROJECTfinal_project_looted_artefactsfiguresweb_photos/0-__25_p038_a303509a_img1_94ab4d7d6b_2ebca8915cd1.jpg"
"0-__25_p041_16bc353c_img1_7f85518952_23e301e95d1b.jpg";7;"0- _25_p041_16bc353c";"C:UsersUtilisateurDesktopIRONHACK_DACOURSESFINAL_PROJECTfinal_project_looted_artefactsfiguresweb_photos/0-__25_p041_16bc353c_img1_7f85518952_23e301e95d1b.jpg"
"0-__25_p043_e92bb9bc_img1_58456d0617_2f3ff6ed32e2.jpg";8;"0- _25_p043_e92bb9bc";"C:UsersUtilisateurDesktopIRONHACK_DACOURSESFINAL_PROJECTfinal_project_looted_artefactsfiguresweb_photos/0-__25_p043_e92bb9bc_img1_58456d0617_2f3ff6ed32e2.jpg"
"0-__25_p044_1394a6c0_img1_576daa8b3c_71e140daa007.jpg";9;"0- _25_p044_1394a6c0";"C:UsersUtilisateurDesktopIRONHACK_DACOURSESFINAL_PROJECTfinal_project_looted_artefactsfiguresweb_photos/0-__25_p044_1394a6c0_img1_576daa8b3c_71e140daa007.jpg"
"0-__25_p045_eaae26b1_img1_f05f5f673a_f21a40a6e996.jpg";10;"0- _25_p045_eaae26b1";"C:UsersUtilisateurDesktopIRONHACK_DACOURSESFINAL_PROJECTfinal_project_looted_artefactsfiguresweb_photos/0-__25_p045_eaae26b1_img1_f05f5f673a_f21a40a6e996.jpg"
"0-__25_p046_0ea08f6c_img1_20d38d2f1f_2596be35f336.jpg";11;"0- _25_p046_0ea08f6c";"C:UsersUtilisateurDesktopIRONHACK_DACOURSESFINAL_PROJECTfinal_project_looted_artefactsfiguresweb_photos/0-__25_p046_0ea08f6c_img1_20d38d2f1f_2596be35f336.jpg"
"0-__25_p047_a4daec26_img1_8578082e31_0a754cb93aa3.jpg";12;"0- _25_p047_a4daec26";"C:UsersUtilisateurDesktopIRONHACK_DACOURSESFINAL_PROJECTfinal_project_looted_artefactsfiguresweb_photos/0-__25_p047_a4daec26_img1_8578082e31_0a754cb93aa3.jpg"
"0-__25_p048_04475953_img1_e5ab3ae99a_862710a7729e.jpg";13;"0- _25_p048_04475953";"C:UsersUtilisateurDesktopIRONHACK_DACOURSESFINAL_PROJECTfinal_project_looted_artefactsfiguresweb_photos/0-__25_p048_04475953_img1_e5ab3ae99a_862710a7729e.jpg"
"0-__25_p049_2f28b0e7_img1_8d4e7b5679_4b65ecf52df0.jpg";14;"0- _25_p049_2f28b0e7";"C:UsersUtilisateurDesktopIRONHACK_DACOURSESFINAL_PROJECTfinal_project_looted_artefactsfiguresweb_photos/0-__25_p049_2f28b0e7_img1_8d4e7b5679_4b65ecf52df0.jpg"
"0-__25_p050_ee11b378_img1_d1d24d0cae_d8a344f7ea78.jpg";15;"0- _25_p050_ee11b378";"C:UsersUtilisateurDesktopIRONHACK_DACOURSESFINAL_PROJECTfinal_project_looted_artefactsfiguresweb_photos/0-__25_p050_ee11b378_img1_d1d24d0cae_d8a344f7ea78.jpg"
"0-__25_p051_3acdaa81_img1_27b65c0dc1_ce2448d0bac8.jpg";16;"0- _25_p051_3acdaa81";"C:UsersUtilisateurDesktopIRONHACK_DACOURSESFINAL_PROJECTfinal_project_looted_artefactsfiguresweb_photos/0-__25_p051_3acdaa81_img1_27b65c0dc1_ce2448d0bac8.jpg"
"0-__25_p052_3bf323d0_img1_6504e302da_061fd4a4f4a2.jpg";17;"0- _25_p052_3bf323d0";"C:UsersUtilisateurDesktopIRONHACK_DACOURSESFINAL_PROJECTfinal_project_looted_artefactsfiguresweb_photos/0-__25_p052_3bf323d0_img1_6504e302da_061fd4a4f4a2.jpg"
"0-__25_p053_809895ce_img1_1b461d8d24_07ee446b1a4f.jpg";18;"0- _25_p053_809895ce";"C:UsersUtilisateurDesktopIRONHACK_DACOURSESFINAL_PROJECTfinal_project_looted_artefactsfiguresweb_photos/0-__25_p053_809895ce_img1_1b461d8d24_07ee446b1a4f.jpg"
"0-__25_p054_975a31dd_img1_03714b0a30_49b25f755bd1.jpg";19;"0- _25_p054_975a31dd";"C:UsersUtilisateurDesktopIRONHACK_DACOURSESFINAL_PROJECTfinal_project_looted_artefactsfiguresweb_photos/0-__25_p054_975a31dd_img1_03714b0a30_49b25f755bd1.jpg"
"0-__25_p055_7d7995f7_img1_c7711aebfa_0b2dacffe797.jpg";20;"0- _25_p055_7d7995f7";"C:UsersUtilisateurDesktopIRONHACK_DACOURSESFINAL_PROJECTfinal_project_looted_artefactsfiguresweb_photos/0-__25_p055_7d7995f7_img1_c7711aebfa_0b2dacffe797.jpg"
"0-__25_p058_9c26a93f_img1_b5fd8abee3_a0bd2224c7e1.jpg";23;"0- _25_p058_9c26a93f";"C:UsersUtilisateurDesktopIRONHACK_DACOURSESFINAL_PROJECTfinal_project_looted_artefactsfiguresweb_photos/0-__25_p058_9c26a93f_img1_b5fd8abee3_a0bd2224c7e1.jpg"
"0-__25_p060_d921748e_img1_b2e78c6ce7_e9d564fe3c9a.jpg";25;"0- _25_p060_d921748e";"C:UsersUtilisateurDesktopIRONHACK_DACOURSESFINAL_PROJECTfinal_project_looted_artefactsfiguresweb_photos/0-__25_p060_d921748e_img1_b2e78c6ce7_e9d564fe3c9a.jpg"
"0-__25_p063_c1d108c1_img1_b2de9fb770_2f5b1604e512.jpg";28;"0- _25_p063_c1d108c1";"C:UsersUtilisateurDesktopIRONHACK_DACOURSESFINAL_PROJECTfinal_project_looted_artefactsfiguresweb_photos/0-__25_p063_c1d108c1_img1_b2de9fb770_2f5b1604e512.jpg"
"0-__25_p064_f6ce2f73_img1_ff9a522ecf_cf57774b8a75.jpg";29;"0- _25_p064_f6ce2f73";"C:UsersUtilisateurDesktopIRONHACK_DACOURSESFINAL_PROJECTfinal_project_looted_artefactsfiguresweb_photos/0-__25_p064_f6ce2f73_img1_ff9a522ecf_cf57774b8a75.jpg"
"0-__25_p069_9ad36b3a_img1_a5e12e39dd_c5bf50f27f31.jpg";33;"0- _25_p069_9ad36b3a";"C:UsersUtilisateurDesktopIRONHACK_DACOURSESFINAL_PROJECTfinal_project_looted_artefactsfiguresweb_photos/0-__25_p069_9ad36b3a_img1_a5e12e39dd_c5bf50f27f31.jpg"
"0-__25_p070_8aeba613_img1_791b928a22_6a44c8557d20.jpg";34;"0- _25_p070_8aeba613";"C:UsersUtilisateurDesktopIRONHACK_DACOURSESFINAL_PROJECTfinal_project_looted_artefactsfiguresweb_photos/0-__25_p070_8aeba613_img1_791b928a22_6a44c8557d20.jpg"
"0-__25_p071_6a058638_img1_cb8f551b1e_6a22cdb23757.jpg";35;"0- _25_p071_6a058638";"C:UsersUtilisateurDesktopIRONHACK_DACOURSESFINAL_PROJECTfinal_project_looted_artefactsfiguresweb_photos/0-__25_p071_6a058638_img1_cb8f551b1e_6a22cdb23757.jpg"
"0-__25_p073_ccc96b0e_img1_58e39c4c44_cca9643b6c2c.jpg";37;"0- _25_p073_ccc96b0e";"C:UsersUtilisateurDesktopIRONHACK_DACOURSESFINAL_PROJECTfinal_project_looted_artefactsfiguresweb_photos/0-__25_p073_ccc96b0e_img1_58e39c4c44_cca9643b6c2c.jpg"
"0-__25_p077_5321dc89_img1_12128f8217_c791ae9096af.jpg";39;"0- _25_p077_5321dc89";"C:UsersUtilisateurDesktopIRONHACK_DACOURSESFINAL_PROJECTfinal_project_looted_artefactsfiguresweb_photos/0-__25_p077_5321dc89_img1_12128f8217_c791ae9096af.jpg"
"0-__25_p078_96776234_img1_5c9eedf54a_c975dc858145.jpg";40;"0- _25_p078_96776234";"C:UsersUtilisateurDesktopIRONHACK_DACOURSESFINAL_PROJECTfinal_project_looted_artefactsfiguresweb_photos/0-__25_p078_96776234_img1_5c9eedf54a_c975dc858145.jpg"
"0-__25_p080_bee8a24e_img1_cb8eaf1dbf_b009b1dfef95.jpg";42;"0- _25_p080_bee8a24e";"C:UsersUtilisateurDesktopIRONHACK_DACOURSESFINAL_PROJECTfinal_project_looted_artefactsfiguresweb_photos/0-__25_p080_bee8a24e_img1_cb8eaf1dbf_b009b1dfef95.jpg"
"0-__25_p081_07788e5d_img1_7b5f9c8ee6_8dc446208801.jpg";43;"0- _25_p081_07788e5d";"C:UsersUtilisateurDesktopIRONHACK_DACOURSESFINAL_PROJECTfinal_project_looted_artefactsfiguresweb_photos/0-__25_p081_07788e5d_img1_7b5f9c8ee6_8dc446208801.jpg"
"0-__25_p085_f13f7dbe_img1_edf6dc2613_47531cdb016c.jpg";47;"0- _25_p085_f13f7dbe";"C:UsersUtilisateurDesktopIRONHACK_DACOURSESFINAL_PROJECTfinal_project_looted_artefactsfiguresweb_photos/0-__25_p085_f13f7dbe_img1_edf6dc2613_47531cdb016c.jpg"
"0-__25_p086_d1991843_img1_e858484b83_0893d055eda1.jpg";48;"0- _25_p086_d1991843";"C:UsersUtilisateurDesktopIRONHACK_DACOURSESFINAL_PROJECTfinal_project_looted_artefactsfiguresweb_photos/0-__25_p086_d1991843_img1_e858484b83_0893d055eda1.jpg"
"0-__25_p087_a80eaa61_img1_a30fa08b48_5e8e51aa178e.jpg";49;"0- _25_p087_a80eaa61";"C:UsersUtilisateurDesktopIRONHACK_DACOURSESFINAL_PROJECTfinal_project_looted_artefactsfiguresweb_photos/0-__25_p087_a80eaa61_img1_a30fa08b48_5e8e51aa178e.jpg"
"0-__25_p088_83fc102a_img1_dace2a669d_0c862db4f2a3.jpg";50;"0- _25_p088_83fc102a";"C:UsersUtilisateurDesktopIRONHACK_DACOURSESFINAL_PROJECTfinal_project_looted_artefactsfiguresweb_photos/0-__25_p088_83fc102a_img1_dace2a669d_0c862db4f2a3.jpg"
"0-__25_p088_83fc102a_img2_e87504e6f1_e50dc2e67fb6.jpg";50;"0- _25_p088_83fc102a";"C:UsersUtilisateurDesktopIRONHACK_DACOURSESFINAL_PROJECTfinal_project_looted_artefactsfiguresweb_photos/0-__25_p088_83fc102a_img2_e87504e6f1_e50dc2e67fb6.jpg"
"0-__25_p095_9ee6e6c7_img1_9fd8c4d181_05e8ff01a62f.jpg";53;"0- _25_p095_9ee6e6c7";"C:UsersUtilisateurDesktopIRONHACK_DACOURSESFINAL_PROJECTfinal_project_looted_artefactsfiguresweb_photos/0-__25_p095_9ee6e6c7_img1_9fd8c4d181_05e8ff01a62f.jpg"
"0-__25_p097_d944cef5_img1_0479c39ed5_efd766d32c3e.jpg";55;"0- _25_p097_d944cef5";"C:UsersUtilisateurDesktopIRONHACK_DACOURSESFINAL_PROJECTfinal_project_looted_artefactsfiguresweb_photos/0-__25_p097_d944cef5_img1_0479c39ed5_efd766d32c3e.jpg"
"0-__28_p001_aeebab61_img1_f8bac4a040_27396d928cbf.jpg";163;"0- _28_p001_aeebab61";"C:UsersUtilisateurDesktopIRONHACK_DACOURSESFINAL_PROJECTfinal_project_looted_artefactsfiguresweb_photos/0-__28_p001_aeebab61_img1_f8bac4a040_27396d928cbf.jpg"
"0-__28_p001_aeebab61_img2_d475ee08bf_ce164e7011da.webp";163;"0- _28_p001_aeebab61";"C:UsersUtilisateurDesktopIRONHACK_DACOURSESFINAL_PROJECTfinal_project_looted_artefactsfiguresweb_photos/0-__28_p001_aeebab61_img2_d475ee08bf_ce164e7011da.webp"
"0-__28_p002_c27fb803_img1_a07ba585af_e44b732b2493.jpg";164;"0- _28_p002_c27fb803";"C:UsersUtilisateurDesktopIRONHACK_DACOURSESFINAL_PROJECTfinal_project_looted_artefactsfiguresweb_photos/0-__28_p002_c27fb803_img1_a07ba585af_e44b732b2493.jpg"
"0-__28_p002_c27fb803_img2_2b8332b14a_730cefdb05f1.webp";164;"0- _28_p002_c27fb803";"C:UsersUtilisateurDesktopIRONHACK_DACOURSESFINAL_PROJECTfinal_project_looted_artefactsfiguresweb_photos/0-__28_p002_c27fb803_img2_2b8332b14a_730cefdb05f1.webp"
"0-__28_p004_558dd6e7_img1_ee96ae7776_9cf941d8f66b.jpg";165;"0- _28_p004_558dd6e7";"C:UsersUtilisateurDesktopIRONHACK_DACOURSESFINAL_PROJECTfinal_project_looted_artefactsfiguresweb_photos/0-__28_p004_558dd6e7_img1_ee96ae7776_9cf941d8f66b.jpg"
"0-__28_p004_558dd6e7_img2_832b86d4fa_0a5b115b7649.webp";165;"0- _28_p004_558dd6e7";"C:UsersUtilisateurDesktopIRONHACK_DACOURSESFINAL_PROJECTfinal_project_looted_artefactsfiguresweb_photos/0-__28_p004_558dd6e7_img2_832b86d4fa_0a5b115b7649.webp"
"0-__28_p004_558dd6e7_img3_da30845883_f6e197d3afa9.webp";165;"0- _28_p004_558dd6e7";"C:UsersUtilisateurDesktopIRONHACK_DACOURSESFINAL_PROJECTfinal_project_looted_artefactsfiguresweb_photos/0-__28_p004_558dd6e7_img3_da30845883_f6e197d3afa9.webp"
"0-__28_p005_0ecce4f0_img1_cbae59e09a_682e5c06fbc4.jpg";166;"0- _28_p005_0ecce4f0";"C:UsersUtilisateurDesktopIRONHACK_DACOURSESFINAL_PROJECTfinal_project_looted_artefactsfiguresweb_photos/0-__28_p005_0ecce4f0_img1_cbae59e09a_682e5c06fbc4.jpg"
"0-__28_p005_0ecce4f0_img2_56263625c5_15eb900b92c1.webp";166;"0- _28_p005_0ecce4f0";"C:UsersUtilisateurDesktopIRONHACK_DACOURSESFINAL_PROJECTfinal_project_looted_artefactsfiguresweb_photos/0-__28_p005_0ecce4f0_img2_56263625c5_15eb900b92c1.webp"
"0-__28_p005_0ecce4f0_img3_d6c5d14031_39d7a956b2e6.webp";166;"0- _28_p005_0ecce4f0";"C:UsersUtilisateurDesktopIRONHACK_DACOURSESFINAL_PROJECTfinal_project_looted_artefactsfiguresweb_photos/0-__28_p005_0ecce4f0_img3_d6c5d14031_39d7a956b2e6.webp"
"0-__28_p006_b6ac7e93_img1_2d2e236072_e16774091976.jpg";167;"0- _28_p006_b6ac7e93";"C:UsersUtilisateurDesktopIRONHACK_DACOURSESFINAL_PROJECTfinal_project_looted_artefactsfiguresweb_photos/0-__28_p006_b6ac7e93_img1_2d2e236072_e16774091976.jpg"
"0-__28_p006_b6ac7e93_img2_61be2aaaf0_503a37d9d6bb.webp";167;"0- _28_p006_b6ac7e93";"C:UsersUtilisateurDesktopIRONHACK_DACOURSESFINAL_PROJECTfinal_project_looted_artefactsfiguresweb_photos/0-__28_p006_b6ac7e93_img2_61be2aaaf0_503a37d9d6bb.webp"
"0-__28_p007_7f5ed1e5_img1_c2f7e645eb_9f3c98fa20da.jpg";168;"0- _28_p007_7f5ed1e5";"C:UsersUtilisateurDesktopIRONHACK_DACOURSESFINAL_PROJECTfinal_project_looted_artefactsfiguresweb_photos/0-__28_p007_7f5ed1e5_img1_c2f7e645eb_9f3c98fa20da.jpg"
"0-__28_p007_7f5ed1e5_img2_f6971adcb1_13edbe130500.webp";168;"0- _28_p007_7f5ed1e5";"C:UsersUtilisateurDesktopIRONHACK_DACOURSESFINAL_PROJECTfinal_project_looted_artefactsfiguresweb_photos/0-__28_p007_7f5ed1e5_img2_f6971adcb1_13edbe130500.webp"
"0-__28_p008_fefb8c59_img1_86305a87e7_b32295d0c668.jpg";169;"0- _28_p008_fefb8c59";"C:UsersUtilisateurDesktopIRONHACK_DACOURSESFINAL_PROJECTfinal_project_looted_artefactsfiguresweb_photos/0-__28_p008_fefb8c59_img1_86305a87e7_b32295d0c668.jpg"
"0-__28_p008_fefb8c59_img2_066d168a0d_816a67ebb5cc.webp";169;"0- _28_p008_fefb8c59";"C:UsersUtilisateurDesktopIRONHACK_DACOURSESFINAL_PROJECTfinal_project_looted_artefactsfiguresweb_photos/0-__28_p008_fefb8c59_img2_066d168a0d_816a67ebb5cc.webp"
"0-__28_p010_29618710_img1_41ff73f64f_7b6be940864d.webp";170;"0- _28_p010_29618710";"C:UsersUtilisateurDesktopIRONHACK_DACOURSESFINAL_PROJECTfinal_project_looted_artefactsfiguresweb_photos/0-__28_p010_29618710_img1_41ff73f64f_7b6be940864d.webp"
"0-__28_p010_29618710_img2_0ff855d08d_48e8d2436fce.webp";170;"0- _28_p010_29618710";"C:UsersUtilisateurDesktopIRONHACK_DACOURSESFINAL_PROJECTfinal_project_looted_artefactsfiguresweb_photos/0-__28_p010_29618710_img2_0ff855d08d_48e8d2436fce.webp"
"0-__28_p027_49196eb4_img1_6bcacdf795_ae02d94d0110.jpg";173;"0- _28_p027_49196eb4";"C:UsersUtilisateurDesktopIRONHACK_DACOURSESFINAL_PROJECTfinal_project_looted_artefactsfiguresweb_photos/0-__28_p027_49196eb4_img1_6bcacdf795_ae02d94d0110.jpg"
"0-__28_p027_49196eb4_img2_6ddf12f0bf_30b866bcb1e8.jpg";173;"0- _28_p027_49196eb4";"C:UsersUtilisateurDesktopIRONHACK_DACOURSESFINAL_PROJECTfinal_project_looted_artefactsfiguresweb_photos/0-__28_p027_49196eb4_img2_6ddf12f0bf_30b866bcb1e8.jpg"
"0-__28_p028_76ccf6a0_img1_8851d627e9_76b971364f9a.jpg";174;"0- _28_p028_76ccf6a0";"C:UsersUtilisateurDesktopIRONHACK_DACOURSESFINAL_PROJECTfinal_project_looted_artefactsfiguresweb_photos/0-__28_p028_76ccf6a0_img1_8851d627e9_76b971364f9a.jpg"
"0-__28_p028_76ccf6a0_img2_0b6a0094f7_8e7ee96e70ec.jpg";174;"0- _28_p028_76ccf6a0";"C:UsersUtilisateurDesktopIRONHACK_DACOURSESFINAL_PROJECTfinal_project_looted_artefactsfiguresweb_photos/0-__28_p028_76ccf6a0_img2_0b6a0094f7_8e7ee96e70ec.jpg"
"0-__28_p028_76ccf6a0_img3_6c94a84288_cc65a1042b05.jpg";174;"0- _28_p028_76ccf6a0";"C:UsersUtilisateurDesktopIRONHACK_DACOURSESFINAL_PROJECTfinal_project_looted_artefactsfiguresweb_photos/0-__28_p028_76ccf6a0_img3_6c94a84288_cc65a1042b05.jpg"
"0-__4_p001_27d081fd_img1_ec637e24fa_54b434cae8d9.webp";177;"0- _4_p001_27d081fd";"C:UsersUtilisateurDesktopIRONHACK_DACOURSESFINAL_PROJECTfinal_project_looted_artefactsfiguresweb_photos/0-__4_p001_27d081fd_img1_ec637e24fa_54b434cae8d9.webp"
"0-__4_p003_16facb8e_img1_d774225b27_d0eba5ae5dfb.webp";178;"0- _4_p003_16facb8e";"C:UsersUtilisateurDesktopIRONHACK_DACOURSESFINAL_PROJECTfinal_project_looted_artefactsfiguresweb_photos/0-__4_p003_16facb8e_img1_d774225b27_d0eba5ae5dfb.webp"
"0-__4_p008_9905cdb4_img1_533e35241f_da47c47dfd8d.jpg";179;"0- _4_p008_9905cdb4";"C:UsersUtilisateurDesktopIRONHACK_DACOURSESFINAL_PROJECTfinal_project_looted_artefactsfiguresweb_photos/0-__4_p008_9905cdb4_img1_533e35241f_da47c47dfd8d.jpg"
"0-__4_p008_9905cdb4_img2_d2d48e28db_0e0b529ab8ad.jpg";179;"0- _4_p008_9905cdb4";"C:UsersUtilisateurDesktopIRONHACK_DACOURSESFINAL_PROJECTfinal_project_looted_artefactsfiguresweb_photos/0-__4_p008_9905cdb4_img2_d2d48e28db_0e0b529ab8ad.jpg"
"0-__4_p008_9905cdb4_img3_601c930f0b_fc46a2603105.jpg";179;"0- _4_p008_9905cdb4";"C:UsersUtilisateurDesktopIRONHACK_DACOURSESFINAL_PROJECTfinal_project_looted_artefactsfiguresweb_photos/0-__4_p008_9905cdb4_img3_601c930f0b_fc46a2603105.jpg"
"0-__4_p009_90e33534_img1_7b0eb58bb3_48460bc82604.jpg";181;"0- _4_p009_90e33534";"C:UsersUtilisateurDesktopIRONHACK_DACOURSESFINAL_PROJECTfinal_project_looted_artefactsfiguresweb_photos/0-__4_p009_90e33534_img1_7b0eb58bb3_48460bc82604.jpg"
"0-__5_p001_6d116178_img1_b88d7f1967_76063bede7e0.jpg";91;"0- _5_p001_6d116178";"C:UsersUtilisateurDesktopIRONHACK_DACOURSESFINAL_PROJECTfinal_project_looted_artefactsfiguresweb_photos/0-__5_p001_6d116178_img1_b88d7f1967_76063bede7e0.jpg"
"0-__5_p003_0a6629b7_img1_bb63506c31_6a15d9fee368.jpg";95;"0- _5_p003_0a6629b7";"C:UsersUtilisateurDesktopIRONHACK_DACOURSESFINAL_PROJECTfinal_project_looted_artefactsfiguresweb_photos/0-__5_p003_0a6629b7_img1_bb63506c31_6a15d9fee368.jpg"
"0-__5_p004_a120f029_img1_54e1397f5d_7c5441b40cb8.jpg";96;"0- _5_p004_a120f029";"C:UsersUtilisateurDesktopIRONHACK_DACOURSESFINAL_PROJECTfinal_project_looted_artefactsfiguresweb_photos/0-__5_p004_a120f029_img1_54e1397f5d_7c5441b40cb8.jpg"
"0-__5_p004_b5ff189c_img1_4d098db4d0_984c6824e7da.jpg";97;"0- _5_p004_b5ff189c";"C:UsersUtilisateurDesktopIRONHACK_DACOURSESFINAL_PROJECTfinal_project_looted_artefactsfiguresweb_photos/0-__5_p004_b5ff189c_img1_4d098db4d0_984c6824e7da.jpg"
"0-__5_p007_764a5e88_img1_68bf7d160d_3f3458ea8d03.jpg";101;"0- _5_p007_764a5e88";"C:UsersUtilisateurDesktopIRONHACK_DACOURSESFINAL_PROJECTfinal_project_looted_artefactsfiguresweb_photos/0-__5_p007_764a5e88_img1_68bf7d160d_3f3458ea8d03.jpg"
"0-__5_p009_16162ad0_img1_86692f9a98_a9e35dbde718.jpg";105;"0- _5_p009_16162ad0";"C:UsersUtilisateurDesktopIRONHACK_DACOURSESFINAL_PROJECTfinal_project_looted_artefactsfiguresweb_photos/0-__5_p009_16162ad0_img1_86692f9a98_a9e35dbde718.jpg"
"0-__5_p009_16162ad0_img2_b23c30140d_4814f4162bb2.jpg";105;"0- _5_p009_16162ad0";"C:UsersUtilisateurDesktopIRONHACK_DACOURSESFINAL_PROJECTfinal_project_looted_artefactsfiguresweb_photos/0-__5_p009_16162ad0_img2_b23c30140d_4814f4162bb2.jpg"
"0-__5_p009_16162ad0_img3_2c11ef97b4_4b7d5942c14a.jpg";105;"0- _5_p009_16162ad0";"C:UsersUtilisateurDesktopIRONHACK_DACOURSESFINAL_PROJECTfinal_project_looted_artefactsfiguresweb_photos/0-__5_p009_16162ad0_img3_2c11ef97b4_4b7d5942c14a.jpg"
"0-_30_p003_2e0f1399_img1_7368f08b1b_f5f760b5e9c5.jpg";182;"0-  30_p003_2e0f1399";"C:UsersUtilisateurDesktopIRONHACK_DACOURSESFINAL_PROJECTfinal_project_looted_artefactsfiguresweb_photos/0-_30_p003_2e0f1399_img1_7368f08b1b_f5f760b5e9c5.jpg"
"0-_30_p004_e96b4190_img1_729719f011_83c9127dae41.jpg";183;"0-  30_p004_e96b4190";"C:UsersUtilisateurDesktopIRONHACK_DACOURSESFINAL_PROJECTfinal_project_looted_artefactsfiguresweb_photos/0-_30_p004_e96b4190_img1_729719f011_83c9127dae41.jpg"
"0-_30_p006_6686f187_img1_39d242cd0c_97c1f426ba2a.jpg";185;"0-  30_p006_6686f187";"C:UsersUtilisateurDesktopIRONHACK_DACOURSESFINAL_PROJECTfinal_project_looted_artefactsfiguresweb_photos/0-_30_p006_6686f187_img1_39d242cd0c_97c1f426ba2a.jpg"
"0-_30_p007_f4603e0c_img1_ad8913f480_489955ec0559.jpg";186;"0-  30_p007_f4603e0c";"C:UsersUtilisateurDesktopIRONHACK_DACOURSESFINAL_PROJECTfinal_project_looted_artefactsfiguresweb_photos/0-_30_p007_f4603e0c_img1_ad8913f480_489955ec0559.jpg"
"0-_30_p007_f4603e0c_img2_f2af57d1ba_9ac8a917c627.jpg";186;"0-  30_p007_f4603e0c";"C:UsersUtilisateurDesktopIRONHACK_DACOURSESFINAL_PROJECTfinal_project_looted_artefactsfiguresweb_photos/0-_30_p007_f4603e0c_img2_f2af57d1ba_9ac8a917c627.jpg"
"0-_30_p007_f4603e0c_img3_75f589b322_6834b0c9c5a1.jpg";186;"0-  30_p007_f4603e0c";"C:UsersUtilisateurDesktopIRONHACK_DACOURSESFINAL_PROJECTfinal_project_looted_artefactsfiguresweb_photos/0-_30_p007_f4603e0c_img3_75f589b322_6834b0c9c5a1.jpg"
"0-_30_p008_6098ac5e_img1_7d6cc24198_9e768d1c2872.jpg";187;"0-  30_p008_6098ac5e";"C:UsersUtilisateurDesktopIRONHACK_DACOURSESFINAL_PROJECTfinal_project_looted_artefactsfiguresweb_photos/0-_30_p008_6098ac5e_img1_7d6cc24198_9e768d1c2872.jpg"
"0-_30_p008_6098ac5e_img2_2faf821d9e_03aec49d9e57.jpg";187;"0-  30_p008_6098ac5e";"C:UsersUtilisateurDesktopIRONHACK_DACOURSESFINAL_PROJECTfinal_project_looted_artefactsfiguresweb_photos/0-_30_p008_6098ac5e_img2_2faf821d9e_03aec49d9e57.jpg"
"0-_30_p008_6098ac5e_img3_d95995a197_a392a6275003.jpg";187;"0-  30_p008_6098ac5e";"C:UsersUtilisateurDesktopIRONHACK_DACOURSESFINAL_PROJECTfinal_project_looted_artefactsfiguresweb_photos/0-_30_p008_6098ac5e_img3_d95995a197_a392a6275003.jpg"
"0-_30_p009_8f0c48a1_img1_21074ae46b_5e391f7de72a.jpg";188;"0-  30_p009_8f0c48a1";"C:UsersUtilisateurDesktopIRONHACK_DACOURSESFINAL_PROJECTfinal_project_looted_artefactsfiguresweb_photos/0-_30_p009_8f0c48a1_img1_21074ae46b_5e391f7de72a.jpg"
"0-_30_p010_82b6e20a_img1_b637b73f6c_cda639708c90.jpg";189;"0-  30_p010_82b6e20a";"C:UsersUtilisateurDesktopIRONHACK_DACOURSESFINAL_PROJECTfinal_project_looted_artefactsfiguresweb_photos/0-_30_p010_82b6e20a_img1_b637b73f6c_cda639708c90.jpg"
"0-_30_p010_82b6e20a_img2_1b65e5cbf6_d5e6f7bc07c8.jpg";189;"0-  30_p010_82b6e20a";"C:UsersUtilisateurDesktopIRONHACK_DACOURSESFINAL_PROJECTfinal_project_looted_artefactsfiguresweb_photos/0-_30_p010_82b6e20a_img2_1b65e5cbf6_d5e6f7bc07c8.jpg"
"0-_30_p010_82b6e20a_img3_7ce761bea1_c6cbc07d8906.jpg";189;"0-  30_p010_82b6e20a";"C:UsersUtilisateurDesktopIRONHACK_DACOURSESFINAL_PROJECTfinal_project_looted_artefactsfiguresweb_photos/0-_30_p010_82b6e20a_img3_7ce761bea1_c6cbc07d8906.jpg"
"0-_30_p012_4aa6b43c_img1_b2cf533f1b_2862e54d69ff.jpg";191;"0-  30_p012_4aa6b43c";"C:UsersUtilisateurDesktopIRONHACK_DACOURSESFINAL_PROJECTfinal_project_looted_artefactsfiguresweb_photos/0-_30_p012_4aa6b43c_img1_b2cf533f1b_2862e54d69ff.jpg"
"0-_30_p013_d3799f39_img1_8eab82412a_36e832eeb12e.jpg";192;"0-  30_p013_d3799f39";"C:UsersUtilisateurDesktopIRONHACK_DACOURSESFINAL_PROJECTfinal_project_looted_artefactsfiguresweb_photos/0-_30_p013_d3799f39_img1_8eab82412a_36e832eeb12e.jpg"
"0-_30_p014_9bc22dd3_img1_f0643f97da_7cdb9714707f.jpg";193;"0-  30_p014_9bc22dd3";"C:UsersUtilisateurDesktopIRONHACK_DACOURSESFINAL_PROJECTfinal_project_looted_artefactsfiguresweb_photos/0-_30_p014_9bc22dd3_img1_f0643f97da_7cdb9714707f.jpg"
"0-_30_p014_9bc22dd3_img2_66a47059f7_0c5dfe495ea0.jpg";193;"0-  30_p014_9bc22dd3";"C:UsersUtilisateurDesktopIRONHACK_DACOURSESFINAL_PROJECTfinal_project_looted_artefactsfiguresweb_photos/0-_30_p014_9bc22dd3_img2_66a47059f7_0c5dfe495ea0.jpg"
"0-_30_p014_9bc22dd3_img3_b64f554645_313b182566d2.jpg";193;"0-  30_p014_9bc22dd3";"C:UsersUtilisateurDesktopIRONHACK_DACOURSESFINAL_PROJECTfinal_project_looted_artefactsfiguresweb_photos/0-_30_p014_9bc22dd3_img3_b64f554645_313b182566d2.jpg"
"0-_30_p016_52fdfd6f_img1_60fbe33bf7_cb9f36f9c9f0.jpg";194;"0-  30_p016_52fdfd6f";"C:UsersUtilisateurDesktopIRONHACK_DACOURSESFINAL_PROJECTfinal_project_looted_artefactsfiguresweb_photos/0-_30_p016_52fdfd6f_img1_60fbe33bf7_cb9f36f9c9f0.jpg"
"0-_30_p017_6c61750c_img1_6aa2c2c375_5e5d9c2db0b2.jpg";195;"0-  30_p017_6c61750c";"C:UsersUtilisateurDesktopIRONHACK_DACOURSESFINAL_PROJECTfinal_project_looted_artefactsfiguresweb_photos/0-_30_p017_6c61750c_img1_6aa2c2c375_5e5d9c2db0b2.jpg"
"0-_30_p018_880a3521_img1_ec5ea529b1_facd5ff86b22.jpg";196;"0-  30_p018_880a3521";"C:UsersUtilisateurDesktopIRONHACK_DACOURSESFINAL_PROJECTfinal_project_looted_artefactsfiguresweb_photos/0-_30_p018_880a3521_img1_ec5ea529b1_facd5ff86b22.jpg"
"0-_30_p018_880a3521_img2_5ee5105aad_54717b13c16d.jpg";196;"0-  30_p018_880a3521";"C:UsersUtilisateurDesktopIRONHACK_DACOURSESFINAL_PROJECTfinal_project_looted_artefactsfiguresweb_photos/0-_30_p018_880a3521_img2_5ee5105aad_54717b13c16d.jpg"
"0-_30_p018_880a3521_img3_73800916d1_7d6d1308a4eb.jpg";196;"0-  30_p018_880a3521";"C:UsersUtilisateurDesktopIRONHACK_DACOURSESFINAL_PROJECTfinal_project_looted_artefactsfiguresweb_photos/0-_30_p018_880a3521_img3_73800916d1_7d6d1308a4eb.jpg"
"0-_30_p020_5b4e7eb9_img1_4927e9102f_76e729f4f78b.jpg";197;"0-  30_p020_5b4e7eb9";"C:UsersUtilisateurDesktopIRONHACK_DACOURSESFINAL_PROJECTfinal_project_looted_artefactsfiguresweb_photos/0-_30_p020_5b4e7eb9_img1_4927e9102f_76e729f4f78b.jpg"
"0-_30_p020_5b4e7eb9_img2_6f95892d8c_ead03f5a6ae7.jpg";197;"0-  30_p020_5b4e7eb9";"C:UsersUtilisateurDesktopIRONHACK_DACOURSESFINAL_PROJECTfinal_project_looted_artefactsfiguresweb_photos/0-_30_p020_5b4e7eb9_img2_6f95892d8c_ead03f5a6ae7.jpg"
"0-_30_p021_65971c7e_img1_9cd1e11d41_3173482e8d76.jpg";198;"0-  30_p021_65971c7e";"C:UsersUtilisateurDesktopIRONHACK_DACOURSESFINAL_PROJECTfinal_project_looted_artefactsfiguresweb_photos/0-_30_p021_65971c7e_img1_9cd1e11d41_3173482e8d76.jpg"
"0-_30_p021_65971c7e_img2_e208483481_10244c06b043.jpg";198;"0-  30_p021_65971c7e";"C:UsersUtilisateurDesktopIRONHACK_DACOURSESFINAL_PROJECTfinal_project_looted_artefactsfiguresweb_photos/0-_30_p021_65971c7e_img2_e208483481_10244c06b043.jpg"
"29-__29_p019_5186eca2_img1_30fee3951d_d70e311abf81.jpg";219;"29- _29_p019_5186eca2";"C:UsersUtilisateurDesktopIRONHACK_DACOURSESFINAL_PROJECTfinal_project_looted_artefactsfiguresweb_photos/29-__29_p019_5186eca2_img1_30fee3951d_d70e311abf81.jpg"
"31-__31_p002_86aafcec_img1_c5803ef70e_a9f3577a6e7c.jpg";106;"31- _31_p002_86aafcec";"C:UsersUtilisateurDesktopIRONHACK_DACOURSESFINAL_PROJECTfinal_project_looted_artefactsfiguresweb_photos/31-__31_p002_86aafcec_img1_c5803ef70e_a9f3577a6e7c.jpg"
"31-__31_p003_29c5ae2a_img1_1c29fe365b_0037c75573a7.jpg";107;"31- _31_p003_29c5ae2a";"C:UsersUtilisateurDesktopIRONHACK_DACOURSESFINAL_PROJECTfinal_project_looted_artefactsfiguresweb_photos/31-__31_p003_29c5ae2a_img1_1c29fe365b_0037c75573a7.jpg"
"31-__31_p003_29c5ae2a_img2_0dcbb834e2_d829175c9f40.jpg";107;"31- _31_p003_29c5ae2a";"C:UsersUtilisateurDesktopIRONHACK_DACOURSESFINAL_PROJECTfinal_project_looted_artefactsfiguresweb_photos/31-__31_p003_29c5ae2a_img2_0dcbb834e2_d829175c9f40.jpg"
"31-__31_p004_c8d52ea6_img1_e622f22dc4_45971d343e23.jpg";108;"31- _31_p004_c8d52ea6";"C:UsersUtilisateurDesktopIRONHACK_DACOURSESFINAL_PROJECTfinal_project_looted_artefactsfiguresweb_photos/31-__31_p004_c8d52ea6_img1_e622f22dc4_45971d343e23.jpg"
"31-__31_p004_c8d52ea6_img2_e1d9759281_d10b131e843d.jpg";108;"31- _31_p004_c8d52ea6";"C:UsersUtilisateurDesktopIRONHACK_DACOURSESFINAL_PROJECTfinal_project_looted_artefactsfiguresweb_photos/31-__31_p004_c8d52ea6_img2_e1d9759281_d10b131e843d.jpg"
"31-__31_p004_c8d52ea6_img3_8cba33a18c_f41fe080423a.jpg";108;"31- _31_p004_c8d52ea6";"C:UsersUtilisateurDesktopIRONHACK_DACOURSESFINAL_PROJECTfinal_project_looted_artefactsfiguresweb_photos/31-__31_p004_c8d52ea6_img3_8cba33a18c_f41fe080423a.jpg"
"31-__31_p006_56cb6e06_img1_cdf1bf5aa4_6afed926bfc8.jpg";109;"31- _31_p006_56cb6e06";"C:UsersUtilisateurDesktopIRONHACK_DACOURSESFINAL_PROJECTfinal_project_looted_artefactsfiguresweb_photos/31-__31_p006_56cb6e06_img1_cdf1bf5aa4_6afed926bfc8.jpg"
"31-__31_p007_518f511e_img1_bdf7da194d_3243d3a55f36.jpg";110;"31- _31_p007_518f511e";"C:UsersUtilisateurDesktopIRONHACK_DACOURSESFINAL_PROJECTfinal_project_looted_artefactsfiguresweb_photos/31-__31_p007_518f511e_img1_bdf7da194d_3243d3a55f36.jpg"
"31-__31_p008_d07d17df_img1_c9432db0c4_5ed5d137c6c8.jpg";111;"31- _31_p008_d07d17df";"C:UsersUtilisateurDesktopIRONHACK_DACOURSESFINAL_PROJECTfinal_project_looted_artefactsfiguresweb_photos/31-__31_p008_d07d17df_img1_c9432db0c4_5ed5d137c6c8.jpg"
"31-__31_p010_26086da7_img1_1996259fff_200a93e0cb35.jpg";113;"31- _31_p010_26086da7";"C:UsersUtilisateurDesktopIRONHACK_DACOURSESFINAL_PROJECTfinal_project_looted_artefactsfiguresweb_photos/31-__31_p010_26086da7_img1_1996259fff_200a93e0cb35.jpg"
"31-__31_p011_4c06705e_img1_59298d9c5c_ae0894992a37.jpg";114;"31- _31_p011_4c06705e";"C:UsersUtilisateurDesktopIRONHACK_DACOURSESFINAL_PROJECTfinal_project_looted_artefactsfiguresweb_photos/31-__31_p011_4c06705e_img1_59298d9c5c_ae0894992a37.jpg"
"31-__31_p013_2f2416a9_img1_dcb9abeb63_3b68b355ec60.jpg";116;"31- _31_p013_2f2416a9";"C:UsersUtilisateurDesktopIRONHACK_DACOURSESFINAL_PROJECTfinal_project_looted_artefactsfiguresweb_photos/31-__31_p013_2f2416a9_img1_dcb9abeb63_3b68b355ec60.jpg"
"31-__31_p016_f4871bc9_img1_56149ae52b_5486418ea864.jpg";117;"31- _31_p016_f4871bc9";"C:UsersUtilisateurDesktopIRONHACK_DACOURSESFINAL_PROJECTfinal_project_looted_artefactsfiguresweb_photos/31-__31_p016_f4871bc9_img1_56149ae52b_5486418ea864.jpg"
"31-__31_p017_aa106c3f_img1_cd30f6bf8f_1cc15648385d.jpg";118;"31- _31_p017_aa106c3f";"C:UsersUtilisateurDesktopIRONHACK_DACOURSESFINAL_PROJECTfinal_project_looted_artefactsfiguresweb_photos/31-__31_p017_aa106c3f_img1_cd30f6bf8f_1cc15648385d.jpg"
"31-__31_p018_b1646d5e_img1_a11f22e15b_b276f0383e9e.jpg";119;"31- _31_p018_b1646d5e";"C:UsersUtilisateurDesktopIRONHACK_DACOURSESFINAL_PROJECTfinal_project_looted_artefactsfiguresweb_photos/31-__31_p018_b1646d5e_img1_a11f22e15b_b276f0383e9e.jpg"
"31-__31_p019_92190aac_img1_52948b4d51_e5e75088358f.jpg";120;"31- _31_p019_92190aac";"C:UsersUtilisateurDesktopIRONHACK_DACOURSESFINAL_PROJECTfinal_project_looted_artefactsfiguresweb_photos/31-__31_p019_92190aac_img1_52948b4d51_e5e75088358f.jpg"
"31-__31_p026_d235d123_img1_0b779cd379_492328d1dc5d.jpg";125;"31- _31_p026_d235d123";"C:UsersUtilisateurDesktopIRONHACK_DACOURSESFINAL_PROJECTfinal_project_looted_artefactsfiguresweb_photos/31-__31_p026_d235d123_img1_0b779cd379_492328d1dc5d.jpg"
"31-__31_p027_10b82af4_img1_77e52a26e3_ee9ffa8ab79e.jpg";126;"31- _31_p027_10b82af4";"C:UsersUtilisateurDesktopIRONHACK_DACOURSESFINAL_PROJECTfinal_project_looted_artefactsfiguresweb_photos/31-__31_p027_10b82af4_img1_77e52a26e3_ee9ffa8ab79e.jpg"
"31-__31_p028_dd1df250_img1_f55bace35a_6a7567f1449b.jpg";127;"31- _31_p028_dd1df250";"C:UsersUtilisateurDesktopIRONHACK_DACOURSESFINAL_PROJECTfinal_project_looted_artefactsfiguresweb_photos/31-__31_p028_dd1df250_img1_f55bace35a_6a7567f1449b.jpg"
"31-__31_p030_267a9cea_img1_215095391f_eb0235ed0cb1.jpg";128;"31- _31_p030_267a9cea";"C:UsersUtilisateurDesktopIRONHACK_DACOURSESFINAL_PROJECTfinal_project_looted_artefactsfiguresweb_photos/31-__31_p030_267a9cea_img1_215095391f_eb0235ed0cb1.jpg"
"31-__31_p033_b5dd6f23_img1_1b8e561f23_7074cb0a19cb.jpg";131;"31- _31_p033_b5dd6f23";"C:UsersUtilisateurDesktopIRONHACK_DACOURSESFINAL_PROJECTfinal_project_looted_artefactsfiguresweb_photos/31-__31_p033_b5dd6f23_img1_1b8e561f23_7074cb0a19cb.jpg"
"31-__31_p035_52be4054_img1_a7ac08fb5d_d8abffcc6791.jpg";132;"31- _31_p035_52be4054";"C:UsersUtilisateurDesktopIRONHACK_DACOURSESFINAL_PROJECTfinal_project_looted_artefactsfiguresweb_photos/31-__31_p035_52be4054_img1_a7ac08fb5d_d8abffcc6791.jpg"
