artifact_id,upgr_desc
0-آثارنا المنهوبة_25_p020_e27076bd,"Earrings, gold. Pair of identical gold earrings with rings on both sides, small pieces attached to the rings by a small fragrance belt, and four small rings at the ends, with hanging elements shaped like bells."
0-آثارنا المنهوبة_25_p027_b022fb35,"Human statue, stone, fragmentary, with broken limbs. The figure is shown wearing a robe extending the full length of the body. The face is clearly defined, with a long nose, beard, two wandering eyebrows, and two eyes with jealous pupils. The description is incomplete in the source text."
0-آثارنا المنهوبة_25_p036_bea25d9f,"Sculptural fragments, bronze and marble stone: two pieces comprising the front of a bronze right foot and a marble stone hand. Third century BC. Dimensions: 6.5 cm and 6 cm."
0-آثارنا المنهوبة_25_p037_76bcbec5,"Lot, art, dimensions 12.7 × 18.5."
0-آثارنا المنهوبة_25_p038_a303509a,"Jar, burned clay, with a slightly wide outward-flaring nozzle, puffed body, side handles, and decoration of geometric crawling triangles and by-lines painted in black and red."
0-آثارنا المنهوبة_25_p039_21a0fd74,"Object, material not specified. No descriptive information about the object is provided beyond the text “9 - 16 1.66 LOT - ART - 16 1.66 LOT - ART.”"
0-آثارنا المنهوبة_25_p041_16bc353c,"Head of a human statue, marble, depicting a male head with a long neck and a partially preserved face. The eyes are indicated by drilled pupils, the nose is pierced, the eyebrows are arched and joined to the nose, the mouth is pierced, and the ears are preserved on both sides."
0-آثارنا المنهوبة_25_p043_e92bb9bc,"Animal statue, bronze, depicting a camel with a hard head, a slight mid-back hump, and a strapped small tail behind the hind legs. Metal. Dimensions: 10.2 cm x 9 cm (4 x 3.55 in); additional measurement given as 3.9 in (9.9 cm). Early millennium BCE."
0-آثارنا المنهوبة_25_p044_1394a6c0,"Lot, material not specified. No further object description is provided in the source text."
0-آثارنا المنهوبة_25_p045_eaae26b1,"Pavilion, bronze, with a nine-line inscription and a composition featuring the stylized forms of a recumbent animal mediated by a palm tree; two holes are present in the upper corners."
0-آثارنا المنهوبة_25_p046_0ea08f6c,"Object type not specified; material not specified. The source text contains only the fragment “6 . 1.1 19.5 LOT - ART . 1.1 19.5 LOT - ART” and does not provide sufficient information to identify the object, its materials, typology, technique, dimensions, or period."
0-آثارنا المنهوبة_25_p047_a4daec26,"Human doll, material not specified. A human doll, recorded as lot 7:1-2-15.8×9×0, with dimensions 15.8 × 9 × 0."
0-آثارنا المنهوبة_25_p048_04475953,"Object, material not specified, with recorded dimensions of 17.4, 13.9, 11.8, 11.3, 11.3, 7.5, and 8 cm."
0-آثارنا المنهوبة_25_p049_2f28b0e7,"Coin, metal, old Yemeni coin with an owl bird depicted on one face and what appears to be a human face on the other; dated to about the third century BCE. Weight 4.93 g, diameter 15 mm."
0-آثارنا المنهوبة_25_p050_ee11b378,"Coin, metal. Old Yemeni coin with human face motifs on both sides, one face bearded and the other also bearded. Dated to the second century and the first century BCE. Weight 1.88 g; diameter 11 mm."
0-آثارنا المنهوبة_25_p051_3acdaa81,"Coin, metal, an old Yemeni coin with one face bearing a human face in relief, apparently wearing an earring. Dated to around the middle of the 4th century to the 3rd century BCE. Dimensions: 11 mm; weight: 1.98 g."
0-آثارنا المنهوبة_25_p052_3bf323d0,"Coin, metal. Old Yemeni coin with one face bearing an expression of a human face with clear features, apparently wearing an earring. Dated to around the middle of the 4th century to the 3rd century BCE. Diameter 12 mm."
0-آثارنا المنهوبة_25_p053_809895ce,"Coin, metal. Old Yemeni coin with one face bearing a human face in relief with clear features, apparently wearing an earring. Dated to around the middle of the 4th century to the 3rd century BCE. Diameter 12 mm."
0-آثارنا المنهوبة_25_p054_975a31dd,"Coin, metal. Old Yemeni coin with one face bearing an expression of a human face, with a clear glimpse, apparently wearing an earring. Dated to around the middle of the 4th century and the 3rd century BCE. Diameter: 12 mm."
0-آثارنا المنهوبة_25_p055_7d7995f7,"Bronze plaque, with a prominent inscribed frame and a nine-line inscription in barge-line format, measuring 10.2 × 14.4 cm; the text is recorded as beginning with “1-A-L-A-T-A-T-A-D-Y/Y-A-N-E-N-E-E-R-E-R-E-R-N-E-R-N-E-R-N-E-N-E-N-E-N-A-N-A-T-E-N-E-T-E-N-E-N-E-N-E-N-E-N-E-N-E-N-E-N-N-E-N-N-N-N-N-N-N-N-N-N-N-E-N-N-N-E-N-N-E-N-N-E-N-E-E-N-E-E-E-N-N-E-E-”; dated broadly to the first millennium BCE to the early first millennium CE."
0-آثارنا المنهوبة_25_p056_dc2f7b3e,"Animal statue, material not specified. An animal statue."
0-آثارنا المنهوبة_25_p057_4b2bc103,"Gravestones, marble and stone: a group of gravestones including examples with human heads carved in marble, one bearing an unclear inscription, probably the name of the deceased, together with two additional fragments, one in marble and one in stone."
0-آثارنا المنهوبة_25_p058_9c26a93f,"Human gravestones, marble stone, of different sizes, including a group of gravestones with human heads. Three examples are heavily fragmentary, preserving long, prominent noses, two broken eyes, and a small mouth, with most of their parts lost."
0-آثارنا المنهوبة_25_p059_4de81847,"Gravestone, stone. Human tombstone with a carved face in relief, showing a high nose, long pointed features, blind eyes pierced through the eye area, a light smile, a slightly shorter nose, and two eyebrows."
0-آثارنا المنهوبة_25_p060_d921748e,"Animal statue, bronze, depicting a camel with a high head and two prominent ears, the neck encircled by a collar, a sleeve on the back, and the tail held close to the hind legs; an inscription on the right side appears to be in aristocratic script but is unclear."
0-آثارنا المنهوبة_25_p061_d7091d94,"Animal head, bronze. Head fragment of an animal statue, preserving the right side of the head with a clear view of the face. The eyes are rendered as two prominent rounded forms, with a chin below the mouth. One horn and one ear are broken. Rings around the horn are preserved, characteristic of the horned animal represented."
0-آثارنا المنهوبة_25_p062_6e84de98,"Lot, art, with no further object description or material information provided."
0-آثارنا المنهوبة_25_p063_c1d108c1,"Figurine, limestone, depicting a seated human figure with broken legs, holding an animal-shaped object in both hands above a hole in the base and inserting a fuse into it; described as a sacrificed piece, probably from the 3rd century BC."
0-آثارنا المنهوبة_25_p064_f6ce2f73,"Statue, marble stone, human figure of a man standing on a rectangular two-level base, with both hands broken; the base bears a two-line blade line inscription. Dimensions: 380 x 160 mm. The object is dated to about 300 BCE to 100 BCE."
0-آثارنا المنهوبة_25_p065_816507df,"Gravestones, marble stone, in the form of human heads carved from marble in different colors, with long prominent noses, some broad, two prominent eyes, and small prominent mouths; three examples have inscriptions written in the pavilion line."
0-آثارنا المنهوبة_25_p067_31aa95b1,"Human statue head, white marble, with a long neck encircled by three dark circular lines. The head has clear facial features, including apricot-shaped eyes with drilled holes for the missing pupils, eyebrows marked by horizontal lines, puffed cheeks, a puffed mouth, and prominent ears on both sides."
0-آثارنا المنهوبة_25_p068_2be803ae,Object type and material cannot be determined from the provided text.
0-آثارنا المنهوبة_25_p069_9ad36b3a,"Table, marble stone, round-shaped, with a flat surface and standing on three cylindrical legs; the outer side is vertically marked with lines and shows traces of squid."
0-آثارنا المنهوبة_25_p070_8aeba613,"Bowl, bronze. Bronze bowl decorated with painted and/or incised motifs of three human figures, three palm trees, two plant motifs, and a snake. Dated to around the 4th to 2nd century BCE."
0-آثارنا المنهوبة_25_p071_6a058638,"Saddle, bronze. Sacrificed object composed of an old oil-pouring tub fitted with a fuse holder; the end has a handle terminating at the front half of the oak, marked by the horns at the back, the chin below the mouth, and the feet extending forward."
0-آثارنا المنهوبة_25_p072_9919924b,"Seal, black stone, rare cylindrical form, perforated for suspension, with a carved surface bearing symbols resembling an accelerator; dimensions 0.8 cm wide x 0.25 cm high (2 cm x 0.6 cm); dated to about 3400–3100 BCE."
0-آثارنا المنهوبة_25_p073_ccc96b0e,"Animal statue, bronze, depicting a camel with a high head and two upright ears, a collar around the neck, and a sleeve-like element over the back. Dated to around the 1st century BC to the 1st century AD."
0-آثارنا المنهوبة_25_p075_ed367d40,"Head of a human statue, marble stone, depicting a male head with clear facial features, closed eyes, a long nose, and a small mouth set in a straight horizontal line; the head has a short neck."
0-آثارنا المنهوبة_25_p077_5321dc89,"Stone vessel, marble, conical-shaped with a high crater and a base of larger diameter than the upper opening, without cover, with two knobs at the middle of the body, and showing white-coloured veining in the same stone."
0-آثارنا المنهوبة_25_p078_96776234,"Coins, silver. Old Yemeni coins, one face with an image of an owl and some with Latin letters, the other face likely showing a human face. Dated to around the fourth and third centuries BCE."
0-آثارنا المنهوبة_25_p079_49144713,"Lot, art, material not specified."
0-آثارنا المنهوبة_25_p080_bee8a24e,"Sculptural fragments, marble stone: heads of human statues of different shapes and sizes, including one smashed and freckled, with a hint, together with a torso of a statue."
0-آثارنا المنهوبة_25_p081_07788e5d,"Inscription, bronze, 18 × 13 cm, framed; a bronze engraved inscription with a rusted surface, recorded as al-Silwi 3 and associated with the public confession engravings studied by Ibrahim Al-Silwi 3 (Salawi 3), based on an image shown by the late Khalil Al-Zubairi and published without a photograph in the Daci blog."
0-آثارنا المنهوبة_25_p082_810269e6,"Coin, gold. Muslim Yemeni dinar, attributed to the reign of Ali Bin Mohammed Al-Salehi and described as belonging to the “right state”; found in Zebed. The coin bears an inscription in semi-Kufic script."
0-آثارنا المنهوبة_25_p083_06963053,"Coin, gold, Muslim Yemeni denar, dated to the reign of al-Sal, daughter of Ahmed al-Salehi, with a semi-Kufic inscription; reportedly found in Jabalah."
0-آثارنا المنهوبة_25_p084_712079d1,"Lot, art, dimensions 14.2 × 23.8."
0-آثارنا المنهوبة_25_p085_f13f7dbe,"Hooves, bronze. A group of identical oversized bull hooves in bronze, each larger than normal size and larger than a large cube. Two examples have prominent holes above the cube for installation, and three examples are hollow inside, with holes at the back of the cubes and on the foot base."
0-آثارنا المنهوبة_25_p086_d1991843,"Human statues, marble stone, lot of human statues carved in marble, similar in design, pose, and size, with one larger central statue distinguished by a pigeon held in the hand; the base bears a single-line inscription reading [A/T/R/R]. Dimensions: 10 × 5.5 × 3 × 7.25 × 3.25 × 1.5."
0-آثارنا المنهوبة_25_p087_a80eaa61,"Human statues, marble stone, a group of carved marble figures comprising two seated statues, one standing figure beneath them, a bust, a small horse, and a mural with an ox’s head; dimensions recorded as 7 × 4 × 2.5 and 2.5 × 3 × 0.5."
0-آثارنا المنهوبة_25_p088_83fc102a,"Two human statues and a face, marble stone, comprising two human statues in a sitting position and an empty-eyed human mask with mouth and nose, all in marble stone."
0-آثارنا المنهوبة_25_p093_28b41208,"Human bust, marble stone, depicting a woman with the hands extended forward, hair falling behind the ears, eyes with two recessed pupils, a long nose, and bars; the bust is placed on a separate inscribed base with a three-line inscription."
0-آثارنا المنهوبة_25_p094_3329b4f9,"Tombstone, marble, with a human face carved in relief or incised on the stone, showing a long nose, eyebrows connected to the beard, two pierced and closed eyes, and a very small mouth."
0-آثارنا المنهوبة_25_p095_9ee6e6c7,"Tombstone, marble stone, with a human face in relief or incised depiction showing a broad long rectangular nose, two visible eyes with indicated pupils, a small mouth, and a wide chin; below the face is a two-line inscription. The object is described as a marble tombstone and is dated to about 200 BCE."
0-آثارنا المنهوبة_25_p096_ca1b4fa3,"Head, material not specified. The head of a human statue."
0-آثارنا المنهوبة_25_p097_d944cef5,"Human statue face, marble stone, carved in marble, with clear features; the eyes are blind, long and well connected, the eyebrows are strongly joined, the nostrils are open, the mouth is small, and the chin is broad. Dated to about 200 BC–100 BC."
0-آثارنا المنهوبة_25_p098_049174ca,"Head of a human statue, marble stone, depicting a male head with a clear face, almond-shaped eyes, packed eyebrows, a long broken nose, closed lips, ears on both sides, and a short neck."
0-آثارنا المنهوبة_10_p003_2e6655ff,"Camel statue, marble, standing on a rectangular base, with a pointed sleeve, a neck curved upward to the highest point, and the head emphasized to the front; dated to the 1st–2nd century BCE."
0-آثارنا المنهوبة_10_p007_57cd23fb,"Gold ring, representing a seal, with an elliptical jet intaglio carved with the letters “N” and “D” on the left side and “A” and “M” on the right side; a sunbeam motif is also engraved at the top and bottom of the profile. Made of gold, dated to around the 2nd century AD. Weight 8.74 g."
0-آثارنا المنهوبة_10_p031_29d014fc,"Coin, silver, Dinar of Yemen, issued under Ali Ben Mohammed, dated 439-59/1047-67; weight 2.49 g; recorded as very soft silver."
0-آثارنا المنهوبة_10_p059_d03964ed,"Cup, bronze. Cylindrical cup with an inverted hole, decorated around the body with a four-line engraved inscription. Dated to the 4th–3rd centuries BC. Height 13.1 cm; diameter 7.5 cm."
0-آثارنا المنهوبة_10_p060_a08b7ee7,"Bronze engraved plate, bronze, rectangular in shape, with an inscription arranged in ten lines within a prominent framed border. The object measures 35.8 cm by 33.3 cm. Condition noted as good."
0-آثارنا المنهوبة_10_p061_1748219e,"Lid, bronze. Oval-shaped lid with three feet in the form of lion’s feet; decorated with animal and vegetal motifs and a written inscription, with a single citrus-line border in the form of a tire at the edge."
0-آثارنا المنهوبة_10_p062_e4da8aed,"Horse statue, bronze, depicting a horse standing on four legs with calves at the ends of the limbs; the mouth is open, and a rope is shown on the back, interpreted as indicating a harness for pulling a wagon. Bronze. 4th–3rd centuries BC. Height 12.1 cm; length 13.8 cm."
0-آثارنا المنهوبة_10_p063_7c650d5d,"Bronze human statue in standing position, with the lower extremities scattered and the upper left extremities broken. The chest has a hollow cavity in the form of an inverted triangle, and the waist is encircled by a belt. Dated to the 1st century BC–1st century AD."
0-آثارنا المنهوبة_10_p064_849e91cc,"Head-shaped tombstone, stone: carved in Albister stone, depicting a human head in relief with hair falling from below the ears to the back of the head, triangular eyes, a straight nose, and a small closed mouth."
0-آثارنا المنهوبة_10_p065_20d411b4,"Human statue, marble stone, with clear features, standing on a base; both hands are extended forward and broken, and the lower limbs are set on a cubic-shaped base. The current condition of the piece is very good."
0-آثارنا المنهوبة_10_p066_24a6970b,"Tombstone, stone: carved funerary marker with a human head in relief, from Albister stone. The face is shown with lightly incised eyes, ears on both sides of the head, a straight nose, and a beard indicated below the mouth."
0-آثارنا المنهوبة_10_p067_ac96fcd1,"Statue, bronze. Camel statue with a passenger on its back, showing clear features; the rider is depicted holding a stone. The camel has a straight neck and a forward-facing head, rendered in motion. Dated to the 1st century BC."
0-آثارنا المنهوبة_10_p068_ba9aadb6,"Coin, metal, 4.85 g. Ancient Yemeni coin dated 354–340 BC, showing Greek influence. One face depicts an owl and a combination of two letters; the other face shows a human face with a pammelsand nose on the cheek."
0-آثارنا المنهوبة_10_p069_fbb166c8,"Coin, metal. Ancient Yemeni coin showing Greek influence, with one face depicting an owl and a combination of two letters, and the other face depicting a human face with the nose shown on the cheek. Dated 354–340 BC. Weight 5.52 g."
0-آثارنا المنهوبة_10_p070_89bc8721,"Earring, gold, with an open knot of the same substance and a semi-circular form decorated with embroidered ceramics resembling glass in adjacent lines. Dimensions 2.5 x 2.2 cm. Dated to the 5th to 2nd century BC."
0-آثارنا المنهوبة_10_p071_9aa6662e,"Earring, gold, with an open knot of the same material, semi-circular in shape, decorated with mannequin-shaped elements and a crater carved with adjacent lines. 5th century BC. 2.5 × 2.2 cm."
0-آثارنا المنهوبة_10_p072_6288a421,"Coin, metal, ancient Yemeni issue dated 354–340 BC, weighing 5.08 g. One face shows Greek influence, with an owl motif and a combination of two letters; the other side shows a human face, with a pammelsand nose on the cheek."
0-آثارنا المنهوبة_10_p073_d8fc1a04,"Coin, metal. Ancient Yemeni coin dated 354–340 BC, showing Greek influence. One face depicts an owl and a combination of two letters; the other face shows a human face with a pammelsand nose on the cheek."
0-آثارنا المنهوبة_10_p074_c161f5cf,"Star-shaped stone objects, two crystals of pyrotechnic stone, each mediated by a high-altitude bump with an iron ring for suspension. Islamic period, Qatar. Dimensions: 18 cm and 12 cm."
0-آثارنا المنهوبة_10_p076_234f216d,"Vase, copper. Bowl with a wide nozzle and a condensed base, with the outer body decorated with a book-tape motif and vegetal ornament. Dated to the 14th–15th century, Qatar. Height 27 cm. Very good condition."
0-آثارنا المنهوبة_10_p078_f2f3e7cb,"Coin, metal, possibly silver, Islamic Yemeni currency with Arabic inscription in a surrounding written framework; the inscription reads “Sultan Muzaffar bin Yousif bin Al-Mama'b.” Dated 650 H (1252 CE). Weight 1.82 g. Condition noted as good."
0-آثارنا المنهوبة_10_p079_c497918f,"Coin, metal, possibly silver, Islamic Yemeni currency with an Arabic inscription in a surrounding framework; the text includes “The God of Hila Muhammad ... [The Messenger of Hila].” Dated to the Apostolic period, 1249–1295, weight 1.91 g."
0-آثارنا المنهوبة_10_p080_6756332a,"Cylinder box, wood, cylindrical in shape, with cover, decorated with plant and geometric decorative elements executed in prominent carved relief. 14th century. Height 16.2 cm; diameter 20.3 cm. Very good condition."
0-آثارنا المنهوبة_10_p081_235de0d7,"Coin, metal, possibly silver, Muslim Yemeni, with an Arabic inscription arranged within a four-tier framework; one face bears a legible inscription beginning “In the name of Allah al-Rahman al-Rahim...” and referring to Muhammad as رسول, while the other face is unclear. Dated to 696–721 AH. Weight 1.32 g."
0-آثارنا المنهوبة_10_p082_6e058211,"Coin, metal, possibly silver. Muslim Yemeni coin surrounded by an Arabic written frame with unclear inscription. Apostolic State."
0-آثارنا المنهوبة_10_p083_ac6e1897,"Coin, gold, a Muslim Yemeni two-faced coin dated 718 H, weighing 4.34 g. One face is surrounded by a four-tier Arabic inscription band and has a square frame containing an Arabic inscription reading “There is no god but God, Muhammad is the messenger of God”; the other face bears an Arabic inscription reading “Sultan King in Support [...] David.” The object is described as in excellent condition."
0-آثارنا المنهوبة_10_p095_f45e4544,"Plaque, bronze, engraved with seven lines of text on the surface; rectangular form, measuring 14 × 11 in. (36 × 28 cm); dated to the 1st–2nd century BC."
0-آثارنا المنهوبة_16_p003_a478c1a3,"Head, marble, of a statue of a man, carved in a clear-cut style with two eyes, two eyebrows, and a mouth; dated to the 1st century B.C./1st century A.D. according to the source. The object is described as in good condition. Source attribution in the text mentions Hansokrams (1912–1992), Düsseldorf, Germany."
0-آثارنا المنهوبة_16_p008_0033d68a,"Statue, bronze. Small statue of a figure with the right hand raised to the side of the head, with a band covering the hair. Height 6.7 cm. Condition: good."
0-آثارنا المنهوبة_16_p009_67e0ca1b,"Arm, bronze, female, Arabian, South. Bronze arm with clear-cut five-fingered hand, wearing a bracelet; a line is present at the joint. Condition: good. Dimensions: 1–2 m. 29.5."
0-آثارنا المنهوبة_16_p010_1a66044c,"Statue, bronze, in the form of a camel. The figure is described as surrounding the top of the neck of a rope, with a tranquil inscription along the blade line that is unclear, and the body covered with a full layer of effort. Height 7.5 cm."
0-آثارنا المنهوبة_16_p011_ba9f2252,"Statue, bronze. Crouching figure of an Arabian ibex? with eyes, nose, mouth and chin indicated; the curved horns extend down the neck and are attached to the ears. Bronze. Height 56.0 cm; weight 200 g. Good condition."
0-آثارنا المنهوبة_16_p012_54866ff3,"Statue, bronze, depicting a standing figure with one arm extended forward and the other extended to the side, mounted on a base; the body is covered by a rust layer that obscures details, including an unclear graft line. Dated to 4.2 BC. Height 11.5 cm."
0-آثارنا المنهوبة_16_p014_9c48a41b,"Statue, bronze. Bronze statue of a camel depicted in motion, with a clearly defined body and visible ears; the surface shows a small visible mass and a layer of bronze echoes."
0-آثارنا المنهوبة_5_p001_6d116178,"Statue, bronze, of a standing man in motion, with a clear face, muzzle, hair, wrinkle, and sailor attributes as described in the source text. The object is recorded as missing. It is dated to the second century BCE and attributed to the southern Arabian Peninsula (old Yemen). Dimensions: 13.5 cm long."
0-آثارنا المنهوبة_5_p001_9cc546a5,"Tombstone, marble, fragmentary, with incised inscription and relief decoration; described as a man’s tombstone, preserving part of the deceased’s name with the letter “N” visible in the final line, and featuring a human face motif with prominent eyes, a small mouth, and a strand or line beneath the mouth. Provenance is given as the southern Arabian Peninsula (old Yemen). Length 27.5 cm."
0-آثارنا المنهوبة_5_p002_883e543c,"Statue head, marble: head of a male statue with a long neck, carved in marble; the face has high eyebrows, prominent eyes, a prominent nose, and a small mouth, with hair rendered in a clear, salty tombstone-like treatment."
0-آثارنا المنهوبة_5_p003_5f667732,"Grave marker head, polished marble, in the form of a man’s head with a short neck, defined head, indicated hair, eyebrows, a prominent nose, and closed mouth, decorated with two lizards and two rosettes; from the Horn of the Arabian Peninsula (old Yemen); length 22 cm."
0-آثارنا المنهوبة_5_p003_0a6629b7,"Statue, bronze, depicting two adjoining lizards connected at the tail and shown in motion. The object is almost 10 cm in diameter."
0-آثارنا المنهوبة_5_p004_a120f029,"Palette, stone, with incised and carved decoration, 28 cm high and 23 cm wide, from the southern Arabian Peninsula (old Yemen), dated to the 2nd century AD. The object is described as a palette with drawings, showing sculptural decoration and a three-line inscription on the anthem line reading NFS, NBYR, BAT, BA, B."
0-آثارنا المنهوبة_5_p004_b5ff189c,"Statue head, stone, of a male figure with a clearly modeled face and distinct eyes; carved in stone, from the southern Arabian Peninsula (ancient Yemen), dated to the 3rd century B.C.E., and measuring almost 20 cm in height."
0-آثارنا المنهوبة_5_p005_882c4e9e,"Plaque, marble. Rectangular polished marble plaque with a base of the same stone, bearing five letters: “A click and HBL” and the inscription “Horn A and Miledi - Southern Arabian Peninsula (old Yemen).” Height 36 cm."
0-آثارنا المنهوبة_5_p006_818e1ef4,"Tombstone, marble, cylindrical in shape, with a clear-cut surface, two perforations, and a small incised mouth; described as having a distinctive character in the making of gravestones. Origin: southern Arabian Peninsula (old Yemen). Height 18 cm. Missing."
0-آثارنا المنهوبة_5_p006_95a38b81,"Animal statue, stone. Statue of an animal on a rectangular base of the same material, with large horns visible; described as a “glimpse of big horns wrapped up.” Stone, 32.5 cm high. Dated to the 5th century B.C.E. and attributed to the southern Arabian Peninsula (old Yemen)."
0-آثارنا المنهوبة_5_p007_764a5e88,"Object, bronze. Curved handle ending in an animal body with large horns curved backwards; two hands placed in front of a lumbar area bearing a three-letter inscription. Sacrificed. Dated to the 4th century B.C.E."
0-آثارنا المنهوبة_5_p007_712e95bc,"Tombstone, stone. Rectangular tombstone carved in low relief with a clear-cut discharge, featuring eyes, a prominent nose, and a semi-open mouth; inscribed with three letters reading p.P.R. Late 2000 BCE. Length 45.5 cm."
0-آثارنا المنهوبة_5_p008_3ad06fef,"Tombstone, marble. Rectangular tombstone carved from a marble stone, from the Horn of the Arabian Peninsula (old Yemen). Length 38.2 cm."
0-آثارنا المنهوبة_5_p009_e7a20612,"Sword, polished metal and silver, with a blade of polished metal and a silver hilt or head decorated with silver filaments."
0-آثارنا المنهوبة_5_p009_16162ad0,"Metal artifact, metal, rectangular conglomerate on four legs, with edges decorated with geometric shapes; the sides are covered with a walrus-enveloped decorator and a restaurant with prominent animal head feces, and the inter-lettered emptiness includes various plant decorative elements."
31-آثارنا المنهوبة_31_p002_86aafcec,"Human statue, limestone, depicting two interconnected human figures in a similar salt-like material. The figures have prominent eyes and noses, heads joined by a small cylindrical bridge, and short hands held against the chest."
31-آثارنا المنهوبة_31_p003_29c5ae2a,"Human statue, sandstone, a woman’s bust with a visible head, large eyes inlaid with gypsum and cream stones, high eyebrows with stone inserts, a high sharp nose, full lips, hair arranged in lines and falling behind the neck, and two distinct ears."
31-آثارنا المنهوبة_31_p004_c8d52ea6,"Statue, marble, human figure represented as a woman’s bust with jealous eyes retaining traces of black fixing material, a straight nose, a small mouth, and curly hair falling behind the shoulders."
31-آثارنا المنهوبة_31_p006_56cb6e06,"Human statue, material not specified. A human statue described in the source as “A human statue.”"
31-آثارنا المنهوبة_31_p007_518f511e,"Human statue, bronze, depicting a standing woman with a pronounced pregnant abdomen. The head is upright, with a gang and a clearly defined ellipse wrapped backwards and hanging behind the shoulders. The arms are extended outward and the hands are open. The garment covers the body to mid-thigh. The legs are clearly modelled, with distinct toes. Height: 13.2 cm. Date: toward the 2nd century BC."
31-آثارنا المنهوبة_31_p008_d07d17df,"Human statue, bronze, small flat-shaped figure representing a man in an abstract manner, standing in a long dress with both arms extended forward and holding a stick in the right hand; the figure is connected below to a small stabilization base. First millennium BC. Height: 13.7 cm."
31-آثارنا المنهوبة_31_p009_5d598bbd,"Statuettes, bronze, four votive figurines representing human figures in an abstract manner, with unclear features; three are standing with outstretched, separate arms, and one is seated with the head missing; all are covered with a green layer of bronze corrosion. First millennium BC. Height: 2.2 to 4.2 cm."
31-آثارنا المنهوبة_31_p010_26086da7,"Human statue fragment, bronze, preserving part of a hollow bronze figure: the left torso and shoulder, with a shield and a belt crossing the shoulders and extending to the back. First and second century C.E. Height: 21 cm."
31-آثارنا المنهوبة_31_p011_4c06705e,"Statue, bronze: human statue preserving the bronze palm of the right hand, rendered at natural size with long fingers and covered with a green layer of bronze corrosion. Length: 13 cm."
31-آثارنا المنهوبة_31_p012_36e90747,"Statue, material not specified. Human statue depicting a woman, with a clearly rendered head and well-executed features. The eyes are oval, the eyebrows are arched and raised, the nose is prominent and sharp with a rounded end, and the mouth is represented by a curved line."
31-آثارنا المنهوبة_31_p013_2f2416a9,"Statue head, marble, human figure, carved in stone. The object is described as the head of a statue, with a human form, made of marble."
31-آثارنا المنهوبة_31_p016_f4871bc9,"Human statue, marble. Statue of a man carved in white marble, with a clearly shaped and sharply cut head. The face is described as gloomy, with semi-oval carved eyes, eyebrows above the eyes, a pierced nose, full and relaxed lips, and ears clearly indicated on both sides of the head and pierced. The hairstyle consists of short locks arranged in square and rectangular forms, and the neck is broad."
31-آثارنا المنهوبة_31_p017_aa106c3f,"Human statue, bronze. Head of a bronze statue representing a young man with a clear gaze; the eyes are prominent, the nose is straight, and the mouth has full lips. The hair is arranged in strands ending in forward and side waves, and the head is crowned with a vegetal wreath surmounted by a decorative element."
31-آثارنا المنهوبة_31_p018_b1646d5e,"Animal statue, marble, depicting a standing sheep with a clearly stylized form. The animal has large curved horns with spiral or snail-like terminals, a marked head, eyes not clearly represented, and a mouth indicated by a curved line. The body is cylindrical, and the statue stands on four legs. Dated to the second half of the 1st millennium BCE."
31-آثارنا المنهوبة_31_p019_92190aac,"Animal statue, bronze, depicting a young male deer in a crouching position with the body turned to the right. The head is defined, with prominent ears and short horns. The body is rendered in a fluid manner, and the front legs are missing. The surface is covered with a layer of green bronze corrosion. Dated to the second half of the first millennium BC."
31-آثارنا المنهوبة_31_p021_4561609d,"Tombstone, limestone. Rectangular grave marker with a human face in relief or carved depiction, showing raised eyebrows, rectangular nose, and a white mouth; described as “Jerry’s Stone.” Dated to the first century BCE."
31-آثارنا المنهوبة_31_p022_02bfec92,"Tombstone, limestone. Irregular grave marker carved in limestone, with a sculpted human face. The source text describes it as an irregular, semi-rivaled grave of limestone and notes that the face was sculpted on a human face; no further details are provided."
31-آثارنا المنهوبة_31_p023_42ffe533,"Object, material not specified, with dimensions 3.5 x 25.5."
31-آثارنا المنهوبة_31_p025_a27af77d,"Object type not specified, material not specified. The source text only gives the name “PERRE BERGE & Associes” and does not provide any archaeological or object-specific information."
31-آثارنا المنهوبة_31_p026_d235d123,"Tablet, bronze, with an inscription and window holes distributed on three angles for stabilization. The engraved text records a vow made by a person named Saad El for the Abed, who was tried at Shebhan’s temple, invoking the gods Athtar, uncle, and prophet; the vow was made on his behalf and on behalf of his brother and his son. Dimensions recorded as 31.5 x 26.6 cm."
31-آثارنا المنهوبة_31_p027_10b82af4,"Object type and material cannot be determined from the provided text, which appears to contain only a partial inscription or catalog notation with no descriptive information about the object itself."
31-آثارنا المنهوبة_31_p028_dd1df250,"Rectangular plate of limestone, carved in low relief, depicting men wearing robes with carefully rendered folds; one figure is shown holding a saddle while another sits behind, both with head coverings framing a partial view of the face. The scene is arranged above a pin line and includes two lines of inscription. The source text also mentions marble and refers to the beginning of the Elephants of the Miles."
31-آثارنا المنهوبة_31_p030_267a9cea,"Painting, limestone. A painting made of limestone."
31-آثارنا المنهوبة_31_p031_28432a4b,"Plaque, bronze, rectangular plaque with a portrait composition in relief, showing three heads in frontal view, described as oak or bull heads, each with a prominent sculptural feature and a vegetal element above the head; the central head is framed by an engraved line and accompanied by an inscription of four characters reading “Bronze.”"
31-آثارنا المنهوبة_31_p032_371c7b9e,"Marble, rectangular object with a square section, carved with two deep cavities on the upper surface with raised rims. One rectangular face bears a one-line rectangular inscription in the strand line, above which is a decorative frame of chain triangles; a distinct mass of stone remains on one side. The inscription reads: (WPB/LTN/RAAA/RAAN/W). Marble. Second half of the first millennium BC."
31-آثارنا المنهوبة_31_p033_b5dd6f23,"Architectural component, bronze: round disk mediated by an eight-pointed star enclosed in a circle, surrounded by a frame of twelve bulls with snail motifs. End of the first millennium BC. Diameter 15 cm."
31-آثارنا المنهوبة_31_p035_52be4054,"Seal, gold. Circular seal with an empty-drilled vent; the face is mediated by an inscription in a rectangular frame, and from top to bottom a dam is carved in reverse motion position. The inscription reads: (m/pn/)."
31-آثارنا المنهوبة_31_p036_224b2bc3,"Necklace, gold, formed as a spiraled wire with a central pendant representing the head of a hollow bull with short horns; on either side are two beads of planned faith, separated from the pendant by gold rings. Third century BC. Length: 5.15 cm."
31-آثارنا المنهوبة_31_p039_a2395d3d,"Altar, marble. Cube-shaped altar flattened from the top of a bull’s head, with a clearly stylized form and carved inscription on the edge reading HBL/ML/SL/CTFR. Dated to the 5th–4th centuries BCE. Height: 28.2 cm; width: 8.2 cm."
0-آثارنا المنهوبة_19_p005_bc5c1fc3,"Mural, marble, depicting two winged sheep separated by a prominent tree and marked by a band of semi-oval decorative forms; dated to around the 1st century B.C. to the 1st century A.D.; width 15 7/8 in. (40.3 cm)."
0-آثارنا المنهوبة_19_p011_4163a650,"Statue, marble. Statue of a standing man with both hands extended toward the ground, standing on a square base with an incised pavilion line. Dated to around the 2nd century. Height 30 cm."
0-آثارنا المنهوبة_19_p013_9c466c62,"Pendant, gold. Bull-shaped pendant with a perforated hole in the middle, showing the rope coils around the neck and a prominent decorative element on the front. Dated to around the 1st century BC to the 1st century AD. Weight 9.20 g; height 3.3 cm; height 3 cm."
0-آثارنا المنهوبة_19_p014_2fe35087,"Camel statue, marble, depicting a camel in clearly carved marble with a prominent sleeve and an indistinct head, standing on a rectangular base. Dated to around the 3rd century BCE."
0-آثارنا المنهوبة_19_p020_651730f0,"Human figurine, mud, small mud doll with a clear head and an unclear body. Prehistoric. Height 120 millimeters."
0-آثارنا المنهوبة_19_p023_faae9bc7,"Animal hooves, bronze, pair of clear-cut bulls with prominent circular ring-shaped decoration in relief. Bronze, around the 4th–5th century B.C.E., 7.5 cm high."
0-آثارنا المنهوبة_19_p024_b2b6dbc2,"Statue, stone. Statue of Lu'l, with the front part showing clear horns extending back and small eyes; the head is formed from a cubed mass of the stone itself. The back part of the statue is missing. Height 26.5 cm. Dated to around the 7th century BCE. Condition: good."
0-آثارنا المنهوبة_19_p025_1f5cf1a6,"Glass, bronze, with a suffocating form covering the fat, decorated with a prominent sculptural inscription in skeleton line composed of four lines. Height 10.5 cm. Dated to the 3rd–2nd century BCE."
0-آثارنا المنهوبة_19_p026_c8fa5e2c,"Bust, bronze, of a man wearing a helmet, with a clearly modeled face, straight mouth, and shoulders indicated by a maple-like ligament; the lower part is missing. Height 14 cm. Dated to about the 1st century BCE."
0-آثارنا المنهوبة_19_p027_9cd828cf,"Scorpion, bronze, clearly salty, with four legs, the fourth broken, and a body ending in an upraised tail. Around the 3rd–2nd century B.C.E. Length 10 cm; weight 118.9 g."
0-آثارنا المنهوبة_19_p028_9666997a,"Tombstone, marble. White marble tombstone carved with a male face in relief, showing clear eyes, possibly with two stone eyebrows above them, a straight line for the brows, a prominent nose, a protruding mouth, and upper lips with holes representing a moustache and chin. Dated to the 3rd–2nd century BCE."
0-آثارنا المنهوبة_19_p029_495dd84b,"Sculptural relief, marble stone, depicting the head of a bull in high relief with short horns, bulging forehead, almond-shaped eyes, and two curved brows above the eyes; the object is rectangular in form, with the lower part broken and missing. Height 18.5 cm. Dated to the 1st century BCE–1st century CE."
0-آثارنا المنهوبة_19_p030_6c5f64eb,No object description can be derived from the provided text.
0-آثارنا المنهوبة_19_p031_730dfa3d,"Tombstone, stone, rectangular, with a sculpted human face in relief showing the eyes, nose, and mouth aligned in a straight line; the lower part bears an inscription in blade line with a third letter, possibly the name of the deceased. Dimensions: 11 x 28 cm. Dated to the 3rd to 1st century BCE. Condition: good."
0-آثارنا المنهوبة_19_p032_93ced4b7,"Mural, marble, with decorative relief elements including vegetative, animal, and architectural motifs. The composition features two imaginary windows formed by three overlapping rectangles rising from the right side, a sculpted bull on the head of a corn leaf, and on the left side a two-letter pile of an accelerator (and d) with a prominent long-horned bull extending to both sides. Around 500 B.C. Dimensions: 17 cm x 16.5 cm."
0-آثارنا المنهوبة_19_p033_5f3b7707,"Tombstone, stone. Tombstone with a human face in relief, showing a nose, closed eyes, and a mouth indicated by a curved upward line. Height 22.5 cm. Dated to about the 2nd millennium BC."
0-آثارنا المنهوبة_19_p034_24273a1d,"Statue, material not specified, depicting a horse with a rider seated on its back. The horse is shown with clear features, one foreleg raised in a parade stance. The rider is represented wearing clothes, with a sword at the waist; one hand is broken and missing."
0-آثارنا المنهوبة_19_p035_bf482bed,"Necklace, material not specified, in bull shape."
0-آثارنا المنهوبة_21_p001_6adec507,"Necklace, gold, in the form of a statue of a naked, winged woman. The object is made of gold of a unique kind and is described as being dominated by an art style characterized by a complex composition."
0-آثارنا المنهوبة_21_p002_6e218938,"Candlestick, copper alloy, large candlestick of sect form, commissioned by a man of the legal tiles of Solomon, Turkey, Ottoman. Dated to the month of Al-Hajjay 945 AH / May 1539 CE. Height 47.5 cm."
0-آثارنا المنهوبة_21_p012_cb36e5e4,"Human statue, marble stone, small, standing on a thin rectangular base, with the hands extended forward and broken, and with empty eyes filled with cream stone. Dimensions: 13 3/8 × 4 3/4 × 4 5/16 in. (34 × 12 × 11 cm). Dated to the 2nd century BCE or 1st century CE."
0-آثارنا المنهوبة_21_p013_5466316d,"Tombstone, marble, with a rectangular base and a single-line engraved inscription; polished marble stone. Dimensions: 5 7/8 x 3 15/16 x 3 5/16 in. (15 x 10 x 8.4 cm). Mid-2nd century."
0-آثارنا المنهوبة_21_p014_587c3579,"Human statue head, marble stone, with a long neck encircled by three drifting lines; the face is partially preserved, with a broken nose and Lusitanian eyes. The head is associated with a limestone base bearing a two-line inscription and a two-line blade. Dimensions: 9 7/16 × 4 5/16 × 2 3/4 in. (24 × 11 × 7 cm)."
0-آثارنا المنهوبة_21_p015_8de652d6,"Mural, marble, 3rd century BCE. Fragmentary mural stone, broken straight across, preserving half of the composition with Thor’s head appearing in the middle. Inscribed with a single-line engraving reading “1-A-R-S.” Dimensions: 6 13/16 × 3 13/16 × 1 9/16 in. (17.3 × 9.7 × 4 cm)."
0-آثارنا المنهوبة_21_p016_7c432e20,"Mural, marble stone, irregular plaque form, depicting a seated figure on a chair with the left hand raised and the right hand extended backward; beneath the figure is an inscription in a single line on the baseline reading “hj and t/t mr n.” Dimensions: 22.5 × 14.5 × 4 cm (8 7/8 × 5 11/16 × 1 9/16 in.). Dated to the second century BC."
0-آثارنا المنهوبة_21_p019_6a294d81,"Statue, stone: human bust of a man carved with high precision, with a sharply defined face, nose, and straight eyes, blue eyes, and ears cut to the top of the shoulders; the short arms are extended to the left front, and the figure is mounted on a rectangular base. First century AD."
0-آثارنا المنهوبة_21_p026_e8ab5e07,"Necklace, iron, in the form of a human head wearing a turban, with a master maker above the necklace and a hole in the upper part. 1st to 5th century AD. Dimensions: 2 11/16 x 1 9/16 x 1 in. (6.8 x 4 x 2.5 cm)."
0-آثارنا المنهوبة_21_p031_bcd0f28f,"Human statue, material not specified, depicting a standing man in an upright pose with clear facial features; height 41.28 cm."
0-آثارنا المنهوبة_28_p001_aeebab61,"Metal board, metal, with dimensions 7.4 x 8.5 x 0.9 cm and 81 g; recorded as SEM 133 and Via 1894."
0-آثارنا المنهوبة_28_p002_c27fb803,"Metal board, metal, with dimensions 5.1 x 4.2 x 0.25 cm; marked “SEM 141 . 24.12 – VIa 1894” and “0.25 24.12 – VIa 1894.”"
0-آثارنا المنهوبة_28_p004_558dd6e7,"Object type not specified, material not specified. Inventory/reference information: SEM 694.34. Dimensions recorded as 25.5 x 11. Dated VIa: 1900 and 1898–1899. Marked “Sacrificed.”"
0-آثارنا المنهوبة_28_p005_0ecce4f0,"Mouse statue, bronze. Small bronze statue of a mouse with a clearly defined head and ears, a rounded body, and a short tail. Dated to the 1st century BC."
0-آثارنا المنهوبة_28_p006_b6ac7e93,"Object, material not specified, with dimensions 500 x 30 x 45.5 x 8.6–9.7 x 25.1–, inventory number SEM 692, dated 1900 (1898–1899)."
0-آثارنا المنهوبة_28_p007_7f5ed1e5,"Inscribed stone, stone, rectangular, with 27 lines of inscription; engraved with a clear line and an engraving damaged at the edges."
0-آثارنا المنهوبة_28_p008_fefb8c59,"Altar, limestone. Rectangular altar with a bull’s head carved on the front; a long central incision extends from the body of the altar up to the head of the bull, described as a maze."
0-آثارنا المنهوبة_28_p010_29618710,"Marble wall fragment with relief decoration, carved in marble stone, preserving a sculptural composition of visible motifs including written forms, vegetal ornament, animal figures, five bull heads with short horns arranged on both sides, and bird imagery. The decoration is divided by a blade-like line and includes a central inscription-like element, surrounded by vegetal ornament with grape clusters, birds feeding on grapes, plant forms, and a clearly rendered bull head with small birds also shown eating grapes."
0-آثارنا المنهوبة_28_p012_b3929ea9,"Inscription, stone: rectangular stone inscription with three lines of carved text."
0-آثارنا المنهوبة_28_p021_0c783b35,"Object type not specified; material not specified. The source text does not provide sufficient information to identify the object, its material, form, technique, dimensions, or period."
0-آثارنا المنهوبة_28_p027_49196eb4,"Carving, marble, rectangular in shape, with a prominent sculpted large bird depicted feeding on grapes; marked with an engraved line. Dimensions include 4.6 cm."
0-آثارنا المنهوبة_28_p028_76ccf6a0,"Statue, bronze. Small statue of a horse in motion with a child rider, the child shown in a pose consistent with the horse’s movement and raising both hands upward and to the side. The horse is missing the limbs of both forelegs and hind legs. Recorded dimensions: 8.4 x 6.2 x 8.5 cm; fish 4.2 cm."
0-آثارنا المنهوبة_28_p029_e567a978,"Tombstone, marble. Grave marker in the shape of a human face, with engraved oval eyes, measured eyebrows, a sharply defined nose with clear lines, and an applied mouth."
0-آثارنا المنهوبة_28_p031_19978641,"Tombstone, marble, carved with a human face in relief, showing a clear facial outline, prominent pupils, a visible nose, open lips, and ears indicated on both sides of the head by parallel curved lines. Dated to the 3rd–1st century BC, with a further attribution to the 1st century."
0-آثارنا المنهوبة_4_p001_27d081fd,"Ring, gold. Relatively large ring with a silver slice bearing an owl polish. Barkat House missing. A show in a pool house."
0-آثارنا المنهوبة_4_p003_16facb8e,"Statue, marble stone. Woman’s statue depicting a seated female figure on a chair of the same material. The figure is described as clear-cut, with a low-cut garment, thinning form, and cuffed sleeves; the surface is noted as hairy. The object is associated with Barkat House and is recorded as missing. Photo number 6."
0-آثارنا المنهوبة_4_p008_9905cdb4,"Tombstone, limestone. Tombstone for a man, carved in limestone, with a face rendered in relief and inscribed with letters arranged in a line across the face. The description mentions a clear face, two eyes, two oval lips, and a high-profile album, with the inscription identified as “Jerry’s Stone.”"
0-آثارنا المنهوبة_4_p008_edea912b,"Statue, granite stone, described as a statue in granite stone with a pale white surface and red state; the source text also mentions cheek, eyes, and a global auction in Britain, but the description is otherwise unclear and fragmentary."
0-آثارنا المنهوبة_4_p009_90e33534,"Sculptural fragment, marble, in the shape of Thor’s head, with a clear-cut form and broken horns. The object is described as part of a polished marble stone."
0-آثارنا المنهوبة 30_p003_2e0f1399,"Human statue, marble, first century B.C.E. Height 19 cm."
0-آثارنا المنهوبة 30_p004_e96b4190,"Statue, stone. Human figure known as “Jerry’s Stone,” dated to the first century B.C.E. Height: 23 cm."
0-آثارنا المنهوبة 30_p005_10baea5a,"Human statue, marble. Height 28.5 cm. The piece is described as a human statue in marble and is noted as being in good condition. The text also mentions “A.M.” as a century designation."
0-آثارنا المنهوبة 30_p006_6686f187,"Human statue, marble, 3rd–2nd century B.C.E. Altitude 15.5 cm, width 11.4 cm, depth 7.5 cm."
0-آثارنا المنهوبة 30_p007_f4603e0c,"Human statue, stone, 17.5 cm high and 7.6 cm wide. Dated to 300 B.C.E.–100 C.E."
0-آثارنا المنهوبة 30_p008_6098ac5e,"Human statue, stone, 19.5 cm high. Dated to the 3rd century B.M.I. Provenance note: recorded as the property of an altar and primitive art dealer at Christie's House, London, sold 25 February 1975, lot 172. Condition noted as good."
0-آثارنا المنهوبة 30_p009_8f0c48a1,"Human statue, stone. Jerry’s Stone, dated to the first century B.C.E. Height 47 cm."
0-آثارنا المنهوبة 30_p010_82b6e20a,"Human statue, marble, Late 2000 B.C.E. Height 37.6 cm, width 11.5 cm, depth 10.7 cm."
0-آثارنا المنهوبة 30_p011_2fc817ec,"Human statue, marble, 44.5 cm high. Dated to the fourth century to the first century BC."
0-آثارنا المنهوبة 30_p012_4aa6b43c,"Human statue, bronze, 6th century B.C.E. Height 24 cm. Condition: good."
0-آثارنا المنهوبة 30_p013_d3799f39,"Human statue, bronze, dating to the first century B.C.E. Height: 30.5 cm."
0-آثارنا المنهوبة 30_p014_9bc22dd3,"Object, bronze, with an inscription. Dimensions: height 27.6 cm, width 15.2 cm, thickness 1.3 cm. The name of the piece is not given in the source text. At the end of the first millennium."
0-آثارنا المنهوبة 30_p016_52fdfd6f,"Seal, material not specified, stamp seal of irregular form, measuring 1.8 cm in height, 1.2 cm in width, and 0.5 cm in thickness; dated to the 5th–6th century."
0-آثارنا المنهوبة 30_p017_6c61750c,"Tombstone, stone, dated to around the 2nd century B.C.E., with a height of 32.4 cm."
0-آثارنا المنهوبة 30_p018_880a3521,"Object, material not specified, with recorded dimensions of 27.7 x 23.7 x 23.2 x 14.8 x 16.6; associated with the Metropolitan Museum and dated 1949; noted as vaporized."
0-آثارنا المنهوبة 30_p020_5b4e7eb9,"Animal statue, bronze, mid to late 1000 B.C.E. Height: 24.2 cm."
0-آثارنا المنهوبة 30_p021_65971c7e,"Animal statue, bronze, 5th century B.C.E. The object is an animal statue in bronze. Dimensions: height 12.8 cm, width 3.8 cm, depth 7.4 cm; base dimensions: width 3.3 cm, depth 5.8 cm."
0-آثارنا المنهوبة 30_p026_bffdbce6,"Table, marble, 25 cm long. Crabs table, dated to the fourth-third century B.C.E. Condition: good."
0-آثارنا المنهوبة 30_p027_144a55e3,"Architectural component, marble, 3rd–5th century B.C.E. 22.5 cm. Good condition."
0-آثارنا المنهوبة_22_p004_4c5b844c,"Statue, marble, 12.1 x 19.1 cm, dated to 200–100 B.C.E. Rectangular marble statue of a woman with a clearly defined face; the front is broad at the eyes and narrows to a hard, pointed chin. The eyes are set beneath arched eyebrows and retain light-coloured residue; the nose is very long with a high bridge. The eyebrows are engraved, and a single line across the upper forehead appears to indicate a headband or similar head covering."
0-آثارنا المنهوبة_22_p008_e6f7e902,"Manuscript, paper, Hebrew and Arabic, Yemen, 19th century. The page describes three Yemeni manuscripts listed under this number at auction: a Hebrew manuscript with instructions and comments in the margins; a manuscript with Arabic instructions and a colophon on the last page; and a manuscript described as an Easter text with a Jewish translation into Arabic. All are on paper and dated to the 19th century."
0-آثارنا المنهوبة_22_p009_ab2ed43b,"Hebrew manuscript on paper, dated 1848, comprising 227 leaves and written in two columns per page with red ink headings and dialects. The manuscript includes red and black decorative elements at the beginning of each Nir, except Nirs VI and VII, and a framed title page (blonin) bearing the inscription that the book was written in Sana'a in 1848. Copies of the writer appear at the end of the book. It is described as a complete manuscript of formation, lacking a number of index leaves, and predating the well-known Livorno edition. Condition is noted as good."
0-آثارنا المنهوبة_22_p010_7fb500f3,"Object, material not specified. The source text contains only fragmentary and repetitive bibliographic-style references, including the years 1895, 1894, 1934, 1986, and the notation “25 + 9 kedem [133],” but provides no identifiable object type, material, form, technique, dimensions, or period."
0-آثارنا المنهوبة_22_p011_683adcce,"Manuscript, paper, Hebrew, 19th century. A bound manuscript containing a gathering of manuscripts and holy books from Yemen, including Third Megillot (Song of Songs, Ruth and Ecclesiastes) with commentary by Talmud, Rashi, and later combined commentaries such as Mahary Tsalakh, as well as Parashat Peshit’s papers with an adult explanation; the volume includes material at the beginning and end of the manuscript."
0-آثارنا المنهوبة_22_p012_ec9c65d5,"Hebrew manuscript on paper, two Yemeni manuscripts wrapped in the original skin, comprising liturgical and devotional texts. The first manuscript contains Piyyutim of Bakashot, Tikun Chatzot, interpretation of tekufot, shtarot, “Chiddushin,” Birkat Hamazon with Chiddushin, a eulogy, and a set of comments; it is dated 1864, includes different owner signatures, comprises 131 leaves, measures approximately 16.5 cm, and is in fair condition with bleeding, tears, and stains, with an old leather binding and popular decoration. The second manuscript contains piyyutim of Selichot and Hosha’anot, is dated to the 19th/20th century in Yemen, comprises approximately 168 leaves, measures about 16.5 cm, and is in good condition."
0-آثارنا المنهوبة_22_p014_f8a5f56a,"Manuscript, paper; Hebrew manuscript for liturgical use throughout the year, including weekdays, Saturday, and festivals, in Yemeni writing in an animated letter, dated to the 19th century and measuring 17 cm. The manuscript contains a title page with the text “Seder of the hall according to the Safari tradition, written throughout the year...” and, on the back of the title page, “A copy of the lounge and the lounge according to our traditions in prayers throughout Yemeni cities.” It includes a weekly and Saturday service, Rosh Chodesh service, Birkat HaLevana, Seder Lashanah, Tekun Burim, Tekun Besash with Al-Hajdah, prayers for the three festivals, and the Zikhrot for Shaft. Some leaves were later replaced by another hand; several leaves are missing. The manuscript is in separate leaves, unbound, with spots, holes, tears affecting the text of several leaves, and engravings."
0-آثارنا المنهوبة_22_p015_88c123d1,"Object, material not specified, with dimensions 19 x 11.5 cm. The record includes the number 200 and the term “kedem,” but no further descriptive information is provided."
0-آثارنا المنهوبة_22_p016_cc4b6a73,"Hebrew manuscript on paper, 19th century, comprising 8 elements of differing size and condition. The elements vary in situation; some retain old ties, while others are newly associated. The manuscript is noted as being suitable for the equitable poor."
0-آثارنا المنهوبة_22_p017_6abd9361,"Statue, marble. Statue of a standing male figure with both arms bent, the left hand clenched in a fist, wearing a short jacket. The face is straight-shaped with indicated eyebrows; the beard is rendered as a linear element extending from the ears down to the chin. The object is described as currently lost, with a missing patching."
0-آثارنا المنهوبة_22_p018_439e9ea8,"Tombstone, marble. Carved funerary monument depicting a male bust in relief, with short hair at the back, a round face, heavy eyelids, a prominent nose, and a small mouth. Dated to around the 1st century B.C./A.D."
0-آثارنا المنهوبة_22_p019_3b93fef1,"Object, material not specified. Recorded as “9.” with dimensions 14 (36.7), repeated in the source. Provenance or sale reference includes Bonhams, London, 26 2007, lot 223, with the date 2004 also noted in the source."
0-آثارنا المنهوبة_22_p020_d68dbfc2,"Object type and material cannot be determined from the provided text. The source consists only of bibliographic references: “0.13 (34) Bonhams: 1972. pson 2002. 86. 88.” repeated twice, with no descriptive information about form, material, technique, dimensions, or date of the object itself."
0-آثارنا المنهوبة_22_p021_05077278,"Object type not specified, with no descriptive information provided beyond the inventory/reference number 2002.196.274."
0-آثارنا المنهوبة_22_p022_e2eb1dc8,"Statue, material not specified, depicting a woman standing on a rectangular base, with a pointed face, a prominent nose bridge extending to the eyebrows, and a bunch of facial features rendered in an obvious, stylized manner; dated to the first century BC; height 31 inches (79 cm)."
0-آثارنا المنهوبة_22_p023_23c77c9b,"Tombstone, marble. Carved tombstone depicting a woman’s grave with a long neck, an oval face with clearly defined facial features, including eyebrows carved above the eyes, a white-stone inlay, a long straight nose, and a small mouth."
0-آثارنا المنهوبة_22_p024_df087257,"Wooden object, wood, consisting of two bent wooden plaques, rectangular in shape, carved with inscriptions; one plaque bears a significant inscription in the third line beneath a strip of high hemispheres, and one is described as bearing a testimony. 14th century. Dimensions: 56 x 24 cm. Condition: good."
0-آثارنا المنهوبة_22_p030_cb31daf3,"Bust, marble. Third century–first century BC. Height 7 1/4 inches (18.4 cm). Good condition."
29-آثارنا المنهوبة_29_p019_5186eca2,"Animal statue, bronze, described as old and “Before Alsalam.”"
29-آثارنا المنهوبة_29_p021_11b31839,"Human statue, bronze, representing a warrior of Sparta with a brown shield and edged border. The statue is described as the oldest witness of Greek art in ancient Yemen. Height 17 cm."
29-آثارنا المنهوبة_29_p043_255b10d7,"Human statue, marble. Human statue in marble, dated to the first century BC. Height 20.9 cm. Condition: good."
0-آثارنا المنهوبة_14_p022_e7ef2ce4,"Stone plate, marble, rectangular in form, with an inscribed line reading “Albister's pass.” Dated to the first century AD. Dimensions: 12 cm (4 3/4 in.); weight: 1.3 kg."
0-آثارنا المنهوبة_14_p026_2c507d36,"Small object, marble, with two little horns projecting forward; length 7 cm (6 11/16 inches). First century BC. Excellent condition."
0-آثارنا المنهوبة_14_p027_ec708607,"Animal statues, marblestone. Four animal statues of different sizes and shapes, depicting a dog, a bull, and a horse, all standing on rectangular bases except the bull. First century BC. Largest 12 cm."
0-آثارنا المنهوبة_14_p028_4041cb1f,"Necklace, gold. Gold necklace with a decorative frame; described as comic and “gone” in the source text. Dated to 3000 BC. Weight 15 g, length 4 cm."
0-آثارنا المنهوبة_14_p029_f769888f,"Human statue head, marble stone, carved in the round with a blindfolded treatment; likely from a statue. The head has two horizontal eyebrows with incised lines, a nose that is largely broken, a small visible horizontal upper lip, and a shallow horizontal line indicating the mouth opening. Ears are visible on both sides."
0-آثارنا المنهوبة_14_p030_c5cb9878,"Oyster, carved material, with the heads rendered very prominently and accurately, and the feet and chests carved small, visible, and light; dated to the 3rd century B.C. to 1st century A.D."
0-آثارنا المنهوبة_14_p032_82525ee5,"Human statue head, marble stone, carved with inlaid gemstone eyes; the eyebrows are rendered as two drifting horizontal lines, the nose is prominently carved, broad at the base, and the mouth is indicated by a horizontal line below. Marble stone. 3rd century B.C. / 1st century A.D."
0-آثارنا المنهوبة_14_p035_4c0a409e,"Statue, material not specified, depicting a human face with a prominent head, frontal features, button-like details, and a mouth carved in a small, visible, smiling manner; the front is marked by a blade-like line running from left to right with the letters L./Bester. Dated to the third to first century B.C."
0-آثارنا المنهوبة_14_p036_90bc3926,"Object type not specified, material not specified. The source text identifies the item as “A witness’ grave” and includes the numbers “6 16 . 200 - 100 LOT - ART LOT - ART,” but provides no further factual description of the object, its material, typology, dimensions, technique, or date."
0-آثارنا المنهوبة_14_p037_d8eb0074,"Scorpion, bronze. Bronze scorpion with six legs, three on each side, and a back appendage on the side. Dated to the 3rd–2nd century BC. Dimensions: 10 MS; 118.9 GG."
0-آثارنا المنهوبة_14_p038_e61326bd,"Human statue head, limestone. Head of a human statue carved in limestone, with poorly carved eyes, two eyebrows rendered as a prominent arched form, a prominent nose, and a mouth represented by an empty horizontal line. Dated from the 3rd century BC to the 1st century AD."
0-آثارنا المنهوبة_14_p039_ddf060e7,"Stone plate, marble stone. The object is described as a stone plate with a weighted figure of Ruth Sahrb of the European Union; the left horn is broken, and the eyes are surrounded by high-profile lines. The text also identifies it as “Christmas ointment” and “LOT - ART Bad.”"
0-آثارنا المنهوبة_14_p040_58885c6e,"Limestone object, drawn from bottom to top, with a human face reflected on its surface."
0-آثارنا المنهوبة_14_p041_6240297d,"Statue, marble stone: oak statue on a rectangular base, with a prominent head hanging forward, two prominent eyes, and two curved horns extending to the back and beneath the ears."
0-آثارنا المنهوبة_14_p042_78ff3cb5,"Object, material not specified. Dimensions recorded as 14 3/8 in. (36.3 cm). The source text is fragmentary and does not provide further descriptive, technical, or typological information."
0-آثارنا المنهوبة_14_p043_1add3b82,"Rectangular tablet, bronze, with an engraved inscription in 12 lines. Metal: bronze. Dimensions: 23.5 × 15.7 cm. First century AD. The tablet has holes in the four corners and is described as in very good condition."
0-آثارنا المنهوبة_14_p044_dfa1c7a5,"Human statue, limestone. Human figure seated, carved in limestone; broken at the organs. The figure has two inset eyes. First century AD."
0-آثارنا المنهوبة_14_p045_fd5a4154,"Head, bronze. Thor’s head with two long horns, two clearly defined eyes, ears visible behind the horns, and a rounded nose. Early 1st century C.D."
0-آثارنا المنهوبة_15_p026_22dd2aa6,"Ring, gold. Oval-shaped gold ring in the form of a D, carved into a four-letter support letter, with a carved side figure of a man and a beam below. Dated to the 2nd century AD. Weight 8.74 g."
