artifact_id;link
0-25_p001_727222a7;https://www.lot-art.com/auction-lots/South_ArabianYemeni-fragment-finely-carved-stone-wit/526-sloane-25-2.5.0
0-25_p002_ff2d3dda;https://www.lot-art.com/auction-lots/Arabian-South-An/248-200-CE-100-CE-B-hood-08.10.24-south_Arabian-Inscription-with-Fragment-Figural-Stele-Alabaster
0-25_p003_85c68c3b;https://www.lot-art.com/auction/91322465/Price-Reserve-No-Figurine-Rider-with-Camel-catawiki-09.12.24-south_arabian
0-25_p004_6c0d0179;https://www.lot-art.com/auction-lots/South-Arabian-Sabaean-Votive-Head-Terracotta-3rd-c-1st-BC/83-artemission25.2.25
0-25_p005_a9b6090a;https://www.lot-art.com/auction-lots/Arabian-South-Arabian-circa-3rd-1st-BC-head-alabaster/61-30.10.23
0-25_p006_1cdb6eb3;https://www.lot-art.com/auction-lots/A-south-Arabian-alabaster-head-of-a-man/162
0-25_p007_1c050a86;https://www.lot-arabian-south-arabian-weight/178-bronze-inscribed-archaeological-1.10.24
0-25_p008_44540d03;https://www.lotart.com/auction/south_arabian-lots/SOUTH-arabian-STELE/90-FACE-STONE
0-25_p009_2f2b0ce4;https://www.lot-art.com/auction-lots/South-Arabian-Beehive-Jar-Alabaster-Qatabanian-with-Lid/196-artemiw-7.10.22
0-25_p010_d9c89231;https://www.lot-art.com/auction-lots/South-Arabian-Alabaster-Head-a-timeline-04.3.25/251
0-25_p011_c592ae55;https://www.lot-art.com/auction-lots/South-Arabian-Anthropomorphic-Stele-Limestone-22-cm/81575933
0-25_p012_62aa0a39;https://www.lot-art.com/auction-lots/South-Arabian-timeline-05.9.24-south_arabian-Stele/1199-Face
0-25_p013_77e29dc4;https://www.lot-art.com/auction/south_arabian-CAMELS/465-BRONZE-THREE-OF-GROUP
0-25_p014_eef7c864;https://www.lot-art.com/auction-lots/SOUTH-ARABIAN-FIGURINE/465-south_arabian_pollo-23.7.23
0-25_p015_3fe4479f;https://www.lot-art.com/auction-lots/South-Arabian-Bull-Votive-Altar/63919419
0-25_p016_b639c212;https://www.lot-art.com/auction/south-arabian-apollo-09.10.22/IDOL/317
0-25_p017_157d5bda;https://www.lot-art.com/auction-lots/South-Arabian-Gold-and-Enamel-south_arabian_gold_Pendant/250-06.9.22
0-25_p018_6f4b152c;https://www.lot-art.com/auction-lots/SOUTH-ARABIAN-IDOL/318
0-25_p019_e4deff7b;https://www.lot-art.com/auction-lots/South-Arabian-Gold-Earring-Pair/2009/28.2.20-south_arabian_gold_earring_timeline
0-25_p020_e27076bd;https://artandantiquities.co.uk/a1gallery3.asp?roomID=12552&pictureID=114648&next=previous
0-25_p021_85789d45;https://www.lot-art.com/auction/south-arabian-lots/figure-male-enthroned-Limestone-catawiki-06.3.22/5634
0-25_p022_9f1d3fdf;https://www.lot-art.com/auction-lots/South-arabian-alabaster-heads/four-group-of-south-arabian-alabaster-heads-03.6.24
0-25_p023_4a745754;https://www.lot-art.com/auction/small_south_arabian-archaeological-Bronze-Sphinx/621
0-25_p024_5ce2389f;https://www.lot-art.com/auction-lots/South-Arabian-Bronze-Incense-Burner/252-moussaieff_south-timeline-4.3.25
0-25_p025_2302ee91;https://www.lot-ancient-south-art.com/auction/15.1.24/ancient/Head/319/Alabaster/Arabian
0-25_p026_1fcd326b;https://www.lot-art.com/auction/lot-of-BC-2ND-PLAQUE-BRONZE-ARABIAN-SOUTH
0-25_p027_b022fb35;https://www.lot-art.com/auction-lots/CARVED-STONE-IDOLFIGURE-OF-PRE-ISLAMIC-SOUTH-ARABIAN-TYPE-possibly-Yemen/31-carved_stone-22.2.23-mctear
0-25_p028_a003fe3c;https://www.lot-art.com/auction-lots/Lot-4-Ancient-South-Arabian-Bronze-Camels-c2nd-1st-century-BC/69
0-25_p029_7a71fcd3;https://www.lot-art.com/auction/Ancient-Rare-lots/South-Arabian-Sabaean-Bronze-Idol-c4th-1st-BC/18.2.24
0-25_p030_6a5dc758;https://www.lot-art.com/auction-arabian-south-ancient-rare-lots/Ancient-18.2.24-1st-c4th-BC/9-century-Idol-Bronze-Sabaean-almyra-p
0-25_p031_d07c367c;https://www.lot-art.com/auction/03.10.23-south_arabian-ARABIAN-AMEULETS/467
0-25_p032_c737ed55;https://www.lot-art.com/auction-lots/A-South-Arabian-Large-Table-Libation-Spout-Limestone-3rd-Century-BC1st-Century-AD/21-D/07.12.21-sotheby/
0-25_p033_facfb986;https://www.lot-art.com/auction-lots/Sabaean-South-Arabian-lots/28.3.20-sabaean_south_animal/35639233-Inscribed-Bronze
0-25_p034_200fc292;https://www.lot-art.com/auction/south-arabian-fragmentary-carved-figural-elief-r-BC-century-1st-2nd-circa-plaque-dreweatts-24.1.18/344/
0-25_p035_2f5db211;https://www.lot-art.com/auction-lots/A-bruun-BERBER-SOUTH-NECKLACE-46cm-279/11.11.19
0-25_p036_bea25d9f;https://www.lot-art.com/auction-lots/Two-South-Arabian-Antiquities-Qataban-3rd-Century-BC1st-Century-AD/109-two_south-08.12.21-sotheby
0-25_p037_76bcbec5;https://www.lot-art.com/auction-lots/Fine-South-Arabian-Alabaster-Male-Head/48-fine_south-14.7.22-artemi
0-25_p038_a303509a;https://www.lot-art.com/auction-lots/Western-Asiatic-South-Arabian-Painted-Jar/1688-western_asiatic-04.6.20-timeline
0-25_p039_21a0fd74;https://www.lot-art.com/auction-lots/Fine-South-Arabian-Qatabanian-Stone-Head/58-fine_south-10.9.20-artemi
0-25_p040_1772345a;https://www.liveauctioneers.com/search/?keyword=South%20Arabian&sort=-relevance&status=online
0-25_p041_16bc353c;https://www.lot-art.com/auction-lots/TETE-MASCULINE-EN-ALBATRE-ART-SUD-ARABIQUE-FIN-DU-1ER-MILLENAIRE-AVJC/7-tete_masculine-24.5.16-artcurial
0-25_p042_a0c5b0df;https://www.liveauctioneers.com/search/?keyword=South%2Arabian&sort=-relevance&status=online
0-25_p043_e92bb9bc;https://www.lot-art.com/auction-lots/Ancient-South-Arabian-Bronze-Statuette-Camel/83-ancient_south-27.9.18-artemi
0-25_p044_1394a6c0;https://www.lot-art.com/auction-lots/Large-South-Arabian-Alabaster-Standing-Figure-of-a-Goddess/249-large_south-04.3.25-timeline
0-25_p045_eaae26b1;https://www.lot-art.com/auction-lots/Western-Asiatic-South-Arabian-Plaque/260-western_asiatic-28.5.19-timeline
0-25_p046_0ea08f6c;https://www.lot-art.com/auction-lots/Large-South-Arabian-Bronze-Horse/263-large_south-26.11.24-timeline
0-25_p047_a4daec26;https://www.lot-art.com/auction-lots/Sabaean-Kingdom-South-Arabian-Terracotta-Very-Rare-Fertility-Female-Figure-with-Inscription-with-TL-Test-1st-Millennium-BC-15/75971449-sabaean_kingdom-30.10.23-catawiki
0-25_p048_04475953;https://www.lot-art.com/auction-lots/A-LOT-OF-7-SOUTH-ARABIAN-SILVER-VESSELS/633-south_arabian-23.9.21-archaeological
0-25_p049_2f28b0e7;https://www.lot-art.com/auction-lots/South-Arabia-Saba-AR-Unit/3014-south_arabia-08.3.25-timeline
0-25_p050_ee11b378;https://www.lot-art.com/auction-lots/South-Arabia-Himyar-AR-Unit/2970-south_arabia-07.9.24-timeline
0-25_p051_3acdaa81;https://www.lot-art.com/auction-lots/Ancients-ARABIA-SOUTHERN-Qataban-Unknown-Rulers-350-300-BC-AR-hemidrachm-11mm-198-gm-8h-NGC-Choice-AU-55-35-graffito/64095-ancient_arabia-25.1.23-heritage
0-25_p052_3bf323d0;https://www.lot-art.com/auction-lots/Ancients-ARABIA-Qataban-Unknown-Rulers-ca-350-300-BC-AR-hemidrachm-12mm-9h-NGC-Choice-VF-die-shift/22104-ancient_arabia-17.11.24-heritage
0-25_p053_809895ce;https://www.lot-art.com/auction-lots/Ancients-ARABIA-Qataban-Unknown-Rulers-ca-350-300-BC-AR-hemidrachm-12mm-8h-NGC-VF-scratches/22105-ancient_arabia-17.11.24-heritage
0-25_p054_975a31dd;https://www.lot-art.com/auction-lots/Ancients-ARABIA-Qataban-Unknown-Rulers-ca-350-300-BC-AR-hemidrachm-12mm-9h-NGC-Choice-VF/22103-ancient_arabia-17.11.24-heritage
0-25_p055_7d7995f7;https://www.lot-art.com/auction-lots/Sabaean-Bronze-Panel-with-Ancient-Yemeni-Writing/90-sabaean_bronze-06.2.19-artemi
0-25_p056_dc2f7b3e;https://www.lot-art.com/auction-lots/STATUETTE-DE-TAUREAU-EN-ALBATRE-ART-SUD-ARABIQUE-FIN-DU-1er-MILLENAIRE-AV-JC/100-statuette_taureau-13.11.18-artcurial
0-25_p057_4b2bc103;https://www.lot-art.com/auction-lots/South-Arabian--A-group-of-six-alabaster-heads/88-south_arabian-03.6.24-sloane
0-25_p058_9c26a93f;https://www.lot-art.com/auction-lots/South-Arabian--A-group-of-six-carved-alabaster/90-south_arabian-03.6.24-sloane
0-25_p059_4de81847;https://www.lot-art.com/auction-lots/South-Arabian--Two-alabaster-carved-heads-Provenance-Private/91-south_arabian-03.6.24-sloane
0-25_p060_d921748e;https://www.lot-art.com/auction-lots/A-SOUTH-ARABIAN-BRONZE-CAMEL/508a-south_arabian-25.4.24-archaeological
0-25_p061_d7091d94;https://www.lot-art.com/auction-lots/A-SOUTH-ARABIAN-CAST-BRONZE-GOAT-HEAD/507-south_arabian-25.4.24-archaeological
0-25_p062_6e84de98;https://www.lot-art.com/auction-lots/A-South-Arabian-Limestone-Head/95-south_arabian-22.11.24-freeman
0-25_p063_c1d108c1;https://www.lot-art.com/auction-lots/South-Arabian-A-South-Arabian-Limestone-Oil-Lamp-Ex-Christies/91596715-south_arabian-22.12.24-catawiki
0-25_p064_f6ce2f73;https://www.lot-art.com/auction-lots/SOUTH-ARABIAN-FIGURE-OF-A-PRIEST/437-south_arabian-13.7.24-apollo
0-25_p065_816507df;https://www.lot-art.com/auction-lots/South-Arabian-A-Group-of-five-stone-carved-heads-/321-south_arabian-12.6.24-sloane
0-25_p066_7c445bf9;https://www.liveauctioneers.com/search/?keyword=South%20Arabian&sort=-relevance&status=online
0-25_p067_31aa95b1;https://www.lot-art.com/auction-lots/A-SOUTH-ARABIAN-ALABASTER-HEAD-CIRCA-1ST-CENTURY-BCAD/63-south_arabian-03.7.24-christie
0-25_p068_2be803ae;https://www.lot-art.com/auction-lots/South-Arabian--Two-limestone-heads-Provenance-Private-Collection/300-south_arabian-12.6.24-sloane
0-25_p069_9ad36b3a;https://www.lot-art.com/auction-lots/South-Arabian-A-black-stone-circular-incense-burner-To/310-south_arabian-12.6.24-sloane
0-25_p070_8aeba613;https://www.lot-art.com/auction-lots/A-SOUTH-ARABIAN-BRONZE-BOWL/720-south_arabian-03.10.23-archaeological
0-25_p071_6a058638;https://www.lot-art.com/auction-lots/A-SOUTH-ARABIAN-BRONZE-OIL-LAMP-WITH-AN-IBEX-HANDLE-AND-INSCRIBED-ON-THE-SIDES/672-south_arabian-20.4.22-archaeological
0-25_p072_9919924b;https://www.lot-art.com/auction-lots/Late-Uruk-South-Arabian-Stone-Stamp-Seal-Bead/67-late_uruk-13.2.20-artemi
0-25_p073_ccc96b0e;https://www.lot-art.com/auction-lots/Sabaean-Bronze-Camel-South-Arabian-Peninsula-5-cm-L/20361477-sabaean_bronze-22.8.18-catawiki
0-25_p074_35a83904;https://www.lot-art.com/auction-lots/Beautiful-South-Arabian-Alabaster-Tripod-Offering-Table/70c-beautiful_south-10.11.22-artemiinfo@goam.gov.ye
0-25_p075_ed367d40;https://www.lot-art.com/auction-lots/STLE-ICONIQUE-PNINSULE-SUD-ARABIQUE-CA-IIeSICLE-AV-J-C-IIeSICLE-AP/1-stle_iconique-10.10.18-tajan
0-25_p076_f2310d70;https://www.liveauctioneers.com/search/?keyword=South%20Arabian&sort=-relevance&status=online
0-25_p077_5321dc89;https://www.lot-art.com/auction-lots/VASE-MINIATURE/296-vase_miniature-17.7.22-monte
0-25_p078_96776234;https://www.lot-art.com/auction-lots/A-LOT-OF-SIX-SILVER-OBOLS-AND-FRACTIONS-4th-3rd-CENTURY-BCE/42-six_silver-12.10.22-archaeological
0-25_p079_49144713;https://www.lot-art.com/auction-lots/South-Arabian--Two-carved-heads-Provenance-Private-Collection/92-south_arabian-03.6.24-sloane
0-25_p080_bee8a24e;https://www.lot-art.com/auction-lots/South-Arabian--A-group-of-five-alabaster-fragments-/322-south_arabian-12.6.24-sloane
0-25_p081_07788e5d;https://www.bidsquare.com/online-auctions/deutsch/a-sabean-bronze-plaque-934469
0-25_p082_810269e6;https://www.lot-art.com/auction-lots/South-Arabia-Saba-AR-Unit/3014-south_arabia-08.3.25-timeline
0-25_p083_06963053;https://www.lot-art.com/auction-lots/Yemen-Sulayhid-Dynasty-Arwa-bint-Ahmad-12-Dinar-Dhu-Jibla-Mint-blundered-date-struck-between-1091-and-1137-AD/88573781-yemen_sulayhid-25.9.24-catawiki
0-25_p084_712079d1;https://www.lot-art.com/auction-lots/Fine-South-Arabian-Alabaster-Head-of-Bearded-Male/77f-fine_south-09.5.19-artemi
0-25_p085_f13f7dbe;https://www.bidsquare.com/online-auctions/artemis-gallery/set-of-4-sabean-bronze-bull-hoof-supports-2251316
0-25_p086_d1991843;https://www.lot-art.com/auction-lots/South-Arabian-A-Group-of-five-alabaster-figures-To/297-south_arabian-12.6.24-sloane
0-25_p087_a80eaa61;http://lot-art.com/auction-lots/South-Arabian-A-group-of-six-stone-elements-including/323-south_arabian-12.6.24-sloane
0-25_p088_83fc102a;https://www.the-saleroom.com/en-gb/auction-catalogues/sloanestreet/catalogue-id-sloane10020/lot-ed674a9d-b40b-42ee-bb49-b19300ff8a50
0-25_p089_96db7973;https://www.liveauctioneers.com/search/?keyword=South%20Arabian&sort=-relevance&status=online
0-25_p090_98c5db64;https://www.liveauctioneers.com/price-result/ancient-south-arabian-bronze-camel-c6th-century-bc/
0-25_p091_798e2234;https://www.liveauctioneers.com/price-result/south-arabian-alabaster-fragment-w-inscription-c200-ad/
0-25_p092_aac8e3f9;https://phoenixancientart.com/work-of-art/south-arabian-alabaster-statuette-of-a-queen/
0-25_p093_28b41208;https://phoenixancientart.com/work-of-art/south-arabian-alabaster-seated-figure-of-the-sun-goddess/
0-25_p094_3329b4f9;https://phoenixancientart.com/work-of-art/south-arabian-alabaster-abstract-head/
0-25_p095_9ee6e6c7;https://www.lot-art.com/auction-lots/SOUTH-ARABIAN-ALABASTER-FUNERARY-STELE/396-south_arabian-05.11.23-apollo
0-25_p096_ca1b4fa3;https://www.lot-art.com/auction-lots/SOUTH-ARABIAN-ALABASTER-HEAD/394-south_arabian-05.11.23-apollo
0-25_p097_d944cef5;https://www.lot-art.com/auction-lots/SOUTH-ARABIAN-ALABASTER-FACE-STELE/395-south_arabian-05.11.23-apollo
0-25_p098_049174ca;https://www.lot-art.com/auction-lots/Ancient-South-Arabian-SABAEAN-Alabaster-head-c2nd-century-BC/84-ancient_south-20.10.24-palmyra
0-7_p001_5960eb81;https://discountsonline.cheap2022.ru/content?c=bronzen%20kunstwerken&id=11
0-7_p002_6cd79c3e;http://www.barakatgallery.com/store/index.cfm/FuseAction/ItemDetails/Us/4432065/CFTOKEN/94613679/CategoryID/38/SubCategoryID/325/ItemID/23226.htm
0-7_p003_ba0a0c53;https://bid.curatedauctions.co.uk/auctions/8217/curated10003/lot-details/bf693ff4-aeb000e805e7-813a-4fb1-20e7
0-7_p004_d9ae2b59;https://www.sothebys.com/en/buy/auction/2022/ancient-qataban-woman
0-7_p005_52354a90;https://www.sothebys.com/en/buy/auction/2022/ancient-a/of-works-and-sculpture/a/of-head-alabaster-arabian-south-art/qataban-man
0-7_p006_bf9a00d0;https://www.sothebys.com/en/buy/auction/2022/ancient-qataban-woman-a-of-bust-alabaster-arabian-south-art/a-of-works-and-e-sculptur
0-10_p003_2e6655ff;https://www.antiquities.co.uk/shop/ancient-figurines-statues/camels/rare-south-arabian-alabaster-camel/
0-10_p004_4c2721f1;https://lapada.org/artdagger/kanjar-jambiya-yemeni-vintage-fine-antiques/a
0-10_p005_545e800d;https://lapada.org/art/bronze-sabaean-arabian-south-antiques/rare-idol/
0-10_p006_9a4ad919;https://lapada.org/art/antiques/south-arabian-alabaster-lion-statuette/
0-10_p007_57cd23fb;https://lapada.org/art-and-antiques/south-arabian-gold-childs-ring/
0-10_p011_8da6a7a3;https://www.artemission.com/viewitemdetails.aspx?ItemNumber=32.36965&p age=2
0-10_p014_3517d3cf;https://www.liveauctioneers.com/item/146473115_ye pendant - chain - silver - meni - capsule - hirz - w - necklace
0-10_p031_29d014fc;https://www.christies.com/lot/lotinfo/1726909
0-10_p032_488d02d7;https://www.lot-kedem.com/auction/14.2.23/manuscript_diwan-Yemen/288
0-10_p033_71f40a11;https://www.lotcatawiki-27.1.23-bead_34-century/66081029
0-10_p034_759f2660;https://www.lot-art.com/auction/Manuscript-Shirot-century-19th-the-Yemen-moreshet/88
0-10_p035_e38aa48c;https://www.lot-art.com/auction/01.2.23-handwritten_autograph-Century/87-17th18th-Yemen-More-and-oreshet
0-10_p036_28dbcca0;https://www.lot-art.com/auction/lot/Manuscript-haftarot-with-Onkelos-Translation-Yemen-19th-Century/89-moreshet
0-10_p037_14408a7d;https://www.lot-art.com/auction/taj_manuscript-18th19th-century/90
0-10_p038_0a64cd36;https://www.lot-art.com/auction-lots/Taj-moreshet-01.2.23-the-Yemen-Manuscript-Century/90
0-10_p039_c2cc43e7;https://www.lotart.com/auction/29.1.23-south_arabian-lots/BULL/360-ALABASTER-ARABIAN
0-10_p040_6659a3f8;https://www.lot-art.com/auction-lots/Kingdom-of-Sheba-Alabaster-Stele-H-245-cm-1st-millennium-BC-Fragment/65688415-catawiki-29.1.23
0-10_p041_dfd46008;https://www.lot-art.com/auction-lots/Kingdom-of-Sheba-Upper-Alabaster-Stele-245-cm-1st-millennium-BC-Fragment-catawiki-29.1.23-kingdom_sheba
0-10_p042_192fe7a5;https://www.lot-kingdom_sheba-art.com/auction-lots/Kingdom-Sheba-Alabaster-beautiful-face-woman-H-17-cm-1st-2nd-century-AD/64223113?catawiki=9.1.23
0-10_p043_6bc97a28;https://www.lot-art.com/auction/south_arabian-stone-inscribed-stele/65383361
0-10_p044_4c5d9f37;https://www.lot-art.com/auction-catawiki-16.1.23-south_arabian-Marble-South_Arabian-Sabaean-Head/65299881
0-10_p045_99bfbf8c;https://www.lotart.com/auction-lots/Kingdom-of-Sheba/Antonovich-Collection/63124551/figure-Bull-Alabaster-L-175-cm-1st-millennium-BC-20.11.22/
0-10_p046_12e811d2;https://www.lot-art.com/auction-lots/Kingdom-of-Sheba-Bull-Alabaster-Figure-Ex-Antonovich-Collection/63124551
0-10_p047_7c49c159;https://www.lot-art.com/auction-lots/Kingdom-of-Sheba-A-plaque-with-bull-effigy-19-5-cm-H-1st-millennium-BC-lots/Antonovich-catawiki-19.11.22-kingdom_sheba-collection/63383769C
0-10_p048_56226172;https://www.lot-ancient-near-east-art.com/auction/19.1.23/emi-art/ancient_near-East_African-Figure/61-Seated-Limestone
0-10_p049_1fc29c1e;https://www.lot-art.com/auction/26.1.23-south_arabian-AD/54-CENTURY-1ST-BC-CENTURY-1ST-CIRCA-HEAD
0-10_p050_18cac402;https://www.lot-art.com/auction/south_arabian-BULL-VOTIVE-STONE-ALTAR/381apollo-29.1.23
0-10_p051_34a7616b;https://www.lotart.com/auction/south_arabian-funerary-stone-apollo-29.1.23-south_arabian-bull-head-with-stele/361
0-10_p052_fa11a25c;https://www.lot-art.com/auction-lots/SOUTH-ARABIAN-FACE-ALABASTER-STELE/382
0-10_p053_d3c8caa6;https://www.lot-art.com/auction-lots/South-Arabian-Carved-and-Inscribed-Steele-Stone-Warrior-with-brbrishing-Sword/65383363
0-10_p054_abef1e87;https://www.lot-art.com/auction/sotheby-s/info/07.12.22-south_arabian-AD/103-Century-BC1st-ntury-Qataban-Woman-a-of-Head-Alabaster-Arabian-South-lots
0-10_p055_2e72c114;https://www.lotart.com/auction/south_arabian-inscribed-stone-stele/293-apollo-09.10.22
0-10_p056_617442c5;https://www.lot-art.com/auction-lots/South-Arabian-Stone-Inscribed-Stele/65383357?cat=catawiki-south_arabian-20.1.23
0-10_p057_310726c1;https://www.lotart.com/auction-lots/A-PRE-OF-IDOLFIGURE-STONE-CARVED-TYPE/31-ARABIAN-SOUTH-ISLAMIC-mctear-22.23
0-10_p058_daf636c3;https://www.lot-art.com/auction-lots/Bague-ring_gold_arabie_du_Sud-portrait-avec-Bague/220-C-J-apres-Deuxieme-siecle-et-inscription
0-10_p059_d03964ed;https://www.lot-art.com/auction-lots/A-SOUTH-ARABIAN-BRONZE-BEAKER/594-south_arabian-13.10.22-archaeological
0-10_p060_a08b7ee7;https://www.lot-art.com/auction-lots/South-Arabian-Leaded-Bronze-Votive-Plaque-ex-Christies/64a-south_arabian-18.2.21-artemi
0-10_p061_1748219e;https://www.lot-art.com/auction-lots/A-SOUTH-ARABIAN-BRONZE-INCENSE-BURNER-DECORATED-WITH-PALM-TREES-FLANKED-BY-SPHINXES/677-south_arabian-13.10.22-archaeological
0-10_p062_e4da8aed;https://www.lot-art.com/auction-lots/A-SOUTH-ARABIAN-BRONZE-HORSE/682-south_arabian-13.10.22-archaeological
0-10_p063_7c650d5d;https://www.lot-art.com/auction-lots/South-Arabian-Bronze-Statuette-of-a-Rider/64228291-south_arabian-05.12.22-catawiki
0-10_p064_849e91cc;https://www.lot-art.com/auction-lots/A-SOUTH-ARABIAN-ALABASTER-HEAD-OF-/71-south_arabian-07.12.22-christie
0-10_p065_20d411b4;https://www.lot-art.com/auction-lots/A-SOUTH-ARABIAN-ALABASTER-FIGURE-OF-A-STANDING-MALE/152-south_arabian-20.10.22-curated
0-10_p066_24a6970b;https://www.lot-art.com/auction-lots/A-SOUTH-ARABIAN-ALABASTER-HEAD-WITH-INSCRIPTION-IN-SABAEAN-S/201-south_arabian-09.12.22-plaka
0-10_p067_ac96fcd1;https://www.lot-art.com/auction-lots/South-Arabian-Bronze-Camel-and-Rider-South-Arabian-Peninsula/26634263-south_arabian-26.5.19-catawiki
0-10_p068_ba9aadb6;https://www.lot-art.com/auction-lots/South-Arabian-Sabaean-Imitative-Owl-Drachm/8197-south_arabian-06.9.20-timeline
0-10_p069_fbb166c8;https://www.lot-art.com/auction-lots/South-Arabian-Sabaean-Imitative-Owl-Drachm/3547-south_arabian-02.3.20-timeline
0-10_p070_89bc8721;https://www.lot-art.com/auction-lots/Published-South-Arabian-22K-Gold-Earring/108-published_south_22k_gold-20.6.19-artemi
0-10_p071_9aa6662e;https://www.lot-art.com/auction-lots/Published-South-Arabian-20K-Gold-Earring/55a-published_south_20k_gold-05.12.19-artemi
0-10_p072_6288a421;https://www.lot-art.com/auction-lots/South-Arabian-Sabaean-Imitative-Owl-Drachm/3548-south_arabian-02.3.20-timeline
0-10_p073_d8fc1a04;https://www.lot-art.com/auction-lots/South-Arabian-Sabaean-Imitative-Owl-Drachm/3545-south_arabian-02.3.20-timeline
0-10_p074_c161f5cf;https://www.lot-art.com/auction-lots/Yemen/5-yemen-28.3.20-fauvepari
0-10_p075_9f7ba027;https://www.lot-art.com/auction-lots/Islamic-Coins/67-islamic_coin-01.3.23-
0-10_p076_234f216d;https://www.lot-art.com/auction-lots/A-Rasulid-brass-basin-Yemen-14th-15th-Century/48-rasulid_bra-26.5.22-bonham
0-10_p077_356687a5;https://www.lot-art.com/auction-lots/AN-IMPORTANT-RASULID-SILVER-AND-COPPER-INLAID-BRASS-CANDLESTICK-YEMEN-14TH-CENTURY/19-important_rasulid-08.10.15-christie
0-10_p078_f2f3e7cb;https://www.lot-art.com/auction-lots/SOLD-Islamic-Yemen-Rasulid-Dynasty-al-Muzaffar-Yusuf-1249-1295-Dirhem-Adan-AH-650-1252-AD-182-g/722a006d995-sold_islamic-27.9.20-bruun
0-10_p079_c497918f;https://www.lot-art.com/auction-lots/SOLD-Islamic-Yemen-Rasulid-Dynasty-al-Muzaffar-Yusuf-1249-1295-Dirhem-mint-Adan-Bruun-Rasmussen-Auctioneers-of/858cd4cb5452-sold_islamic-25.10.20-bruun
0-10_p080_6756332a;https://www.lot-art.com/auction-lots/A-RASULID-LACQUERED-CYLINDIRCAL-WOOD-BOX-EGYPT-OR-YEMEN-14TH-CENTURY/164-rasulid_lacquered-24.5.22-orientartauc
0-10_p081_235de0d7;https://www.lot-art.com/auction-lots/Islamic-Coins/3093-islamic_coin-26.10.21-baldwin
0-10_p082_6e058211;https://www.lot-art.com/auction-lots/RASULID-Yemen-Al-Mudhaffar-Samsaddin-Yusuf-AH/4010-rasulid_yemen-08.11.17-numismatique
0-10_p083_ac6e1897;https://www.lot-art.com/auction-lots/Islamic-Coins/3020-islamic_coin-22.9.17-baldwin
0-10_p086_b4bc6c01;https://www.sothebys.com/en/buy/auction/2022/ancient-and-sculpture-the-votive-stele-ve-sabaean-a-stone-bulawayo-i/the-part-art-of-works
0-10_p091_675dae56;https://www.sothebys.com/en/auctions/ecatalogue/2007/antiquities/n08373/lot.33.html
0-10_p095_f45e4544;https://www.bonhams.com/auction/20668/lot/174/a-arabian-south-plaque-votive-bronze
0-10_p098_c56cfb3b;https://www.bonhams.com/auction/24098/lot/198/a/head/alabaster
0-10_p099_0528bb43;https://www.bonhams.com/auction/23365/lot/134/ahead/arbian-south-alabaster
0-16_p001_64404493;https://atharsale.com/4737/%D8%AA%D9%85%D8%AB%D8%A7%D9%84-%D9%88%D8%AD%D9%85%D9%8A%D8%B1%D9%8A-%D8%AD%D8%AC%D8%B1-%D9%85%D9%86%D8%AD%D9%88%D8%AA-%D8%A7%D8%B3%D8%AF-%D8%B9%D9%84%D9%8A%D9%87-%D9%88%D8%B1%D8%AC%D9%84-%D8%B1%D9%85%D8%AD-%D8%AD%D8%A7%D9%85%D9%84
0-16_p003_a478c1a3;https://www.liveauctioneers.com/
0-16_p008_0033d68a;https://il.bidspirit.com/ui/lotPage/deutsch/source/search/auction/42319/lot/91019/A?lang=ar
0-16_p009_67e0ca1b;https://il.bidspirit.com/ui/lotPage/deutsch/source/search/auction/42319/lot/90960/ARM?lang=ar
0-16_p010_1a66044c;https://il.bidspirit.com/ui/lotPage/deutsch/source/search/auction/42319/lot/91017/A4t?lang=ar-7th-CAMEL-A-OF-FIGURINE-BRONZE
0-16_p011_ba9f2252;https://il.bidspirit.com/ui/lotPage/deutsch/source/search/auction/42319/lot/90888/AIBEX?lang=ar
0-16_p012_54866ff3;https://il.bidspirit.com/ui/lotPage/deutsch/source/search/auction/37118/lot/90329/A
0-16_p013_c15d6f3a;https://il..com/ui/lotPage/deutsch/source/search/auction/17191/lot/87309/A?lang=ar
0-16_p014_9c48a41b;https://il.bidspirit.com/ui/lotPage/deutsch/source/search/auction/42319/lot/90972/A1?lang=ar
0-20_p001_14ba7e53;https://n9.cl/179y1
0-20_p002_b14b00e4;https://n9.cl/ozza5h
0-20_p003_45ff5832;https://n9.cl/dwnvb
0-20_p004_ee5f7ead;https://n9.cl/40nu9
0-20_p005_75c53cdf;https://n9.cl/wk8ig
0-20_p006_85bfc1a7;https://n9.cl/lmg4m
0-20_p007_2524522f;https://n9.cl/45z74
0-20_p008_111af9b2;https://n9.cl/45z74
0-20_p009_f0225467;https://n9.cl/45z74
0-20_p010_dd9973f8;https://n9.cl/45z74
0-20_p011_6e014a26;https://n9.cl/45z74
0-20_p012_8da05589;https://n9.cl/45z74
0-20_p013_724465ac;https://n9.cl/45z74
0-20_p014_98e475ac;https://n9.cl/45z74
0-20_p015_b321d6c7;https://n9.cl/45z74
0-20_p016_47008bd5;https://n9.cl/45z74
0-20_p017_f8383222;https://n9.cl/45z74
0-20_p018_6abb85bf;https://n9.cl/45z74
0-20_p019_6b4fc758;https://n9.cl/45z74
0-20_p020_c52ba027;https://n9.cl/45z74
0-20_p021_7fe4d473;https://n9.cl/45z74
0-20_p022_baba8a54;https://n9.cl/45z74
0-20_p023_2567218d;https://n9.cl/45z74
0-20_p024_ce068211;https://n9.cl/45z74
0-20_p025_a1fc2918;https://n9.cl/45z74
0-20_p026_610bf14f;https://n9.cl/45z74
0-20_p027_af3d91ae;https://n9.cl/45z74
0-20_p028_9a4617ac;https://n9.cl/45z74
0-20_p029_46e9a3df;https://n9.cl/45z74
0-20_p030_1458be92;https://n9.cl/45z74
0-20_p031_17726d68;https://n9.cl/45z74
0-20_p032_f6012116;https://n9.cl/45z74
0-20_p033_e55e377a;https://n9.cl/45z74
0-20_p034_1d594993;https://n9.cl/45z74
0-20_p035_2cbf1ee3;https://n9.cl/45z74
0-20_p036_4747b1ef;https://n9.cl/45z74
0-20_p037_2d4043d3;https://n9.cl/45z74
0-20_p038_a18becd5;https://n9.cl/45z74
0-20_p039_8d185c48;https://n9.cl/45z74
0-20_p040_f8c329c1;https://n9.cl/45z74
0-20_p041_ecea2d90;https://n9.cl/45z74
0-20_p042_39bd1309;https://n9.cl/45z74
0-20_p043_9bbf2b5f;https://www.ebay.com
0-20_p044_2e039779;https://www.ebay.com
0-20_p045_9156a25d;https://www.ebay.com
0-20_p046_462aae8f;https://www.ebay.com
0-20_p047_939f11c5;https://www.ebay.com
0-20_p048_5801f2d6;https://www.ebay.com
0-20_p049_701e2dca;https://www.ebay.com
0-20_p050_a1da5613;https://www.ebay.com
0-20_p051_1c6be826;https://www.ebay.com
0-20_p052_0d4b862d;https://www.ebay.com
0-20_p053_8f5c36d0;https://www.ebay.com
0-20_p054_c3a12094;https://www.ebay.com
0-20_p055_e3050ce4;https://www.ebay.com
0-20_p056_7a103575;https://www.ebay.com
0-20_p057_db7a58e9;https://www.ebay.com
0-20_p058_93df077b;https://www.ebay.com
0-20_p059_c69cf0b5;https://www.ebay.com
0-20_p060_ec3b4cfe;https://www.ebay.com
0-20_p061_b091d692;https://www.ebay.com
0-20_p062_cc8d1539;https://www.ebay.com
0-20_p063_d206ca8a;https://www.ebay.com
0-20_p064_cee55f67;https://www.ebay.com
0-20_p065_9590a362;https://www.ebay.com
0-20_p066_616d9231;https://www.ebay.com
0-20_p067_20f0c8ed;https://www.ebay.com
0-20_p068_11108105;https://www.ebay.com
0-20_p069_c5cf4c7d;https://www.ebay.com
0-20_p070_2d4a4bb4;https://www.ebay.com
0-20_p071_2e1902b5;https://www.ebay.com
0-20_p072_779c119b;https://www.ebay.com
0-20_p073_f69476db;https://www.ebay.com
0-20_p074_81b6bda4;https://www.ebay.com
0-5_p001_6d116178;https://www.pba-auctions.com/en/lot/10456/2145499?offset=250
0-5_p001_9cc546a5;https://www.pba-auctions.com/en/lot/10456/2145504?offset=250&
0-5_p002_ff306543;https://www.pbaons.com/lot/10456/2145493?refurl=Groupe+aux+trois+personnages.+Rare+statuette+sculpt%C3%A9e+d%27une+femme%2C+probablement+aucti
0-5_p002_883e543c;https://www.pba-auctions.com/lot/15546/2983798?refurl=T%C3%8ATE+ICONIQUE.+Elle+repr%C3%A9sente+un+homme+%C3%A0+la+coiffure+courte+d%C3%A9gageant+les+oreilles.+Le+visage+trian
0-5_p003_5f667732;https://www.pba-auctions.com/lot/12242/2420206?npp=20&
0-5_p003_0a6629b7;https://www.pba-auctions.com/en/lot/10456/2145496?offset=250&
0-5_p004_a120f029;https://www.pba-auctions.com/lot/12242/2420208?npp=20&
0-5_p004_b5ff189c;https://www.pba-auctions.com/lot/12242/2420207?npp=20&
0-5_p005_882c4e9e;https://www.pba-auctions.com/lot/7974/1617601?refurl=Stèle
0-5_p006_818e1ef4;https://www.pba-auctions.com/lot/12242/2420205?npp=2
0-5_p006_95a38b81;https://www.pba-auctions.com/en/lot/10456/2145491?offset=250
0-5_p007_764a5e88;https://www.pba-auctions.com/lot/7974/1617595?refurl=Grande+lampe+%C3%A0+huile+dont+les+bords+sont+orn%C3%A9s+de+rinceaux+de+lierre+et+l%27arri%C3%A8re+d%27une+inscription+
0-5_p007_712e95bc;https://www.pba-auctions.com/lot/12242/2420201?npp=20&
0-5_p008_3ad06fef;https://www.pba-auctions.com/en/lot/12242/2420200?
0-5_p009_e7a20612;https://www.sothebys.com/en/auctions/ecatalogue/2019/arts-of-the-islamic-world-l19220/lot.194.html
0-5_p009_16162ad0;https://www.metmuseum.org/art/collection/search/444540
0-24_p001_1a027ca7;https://www.liveauctioneers.com/item/27124676_early-south-arabian-alabaster-head
0-24_p002_877d0284;https://www.liveauctioneers.com/item/123461025_ancient-south-arabian-limestone-pillar-stele
0-24_p003_3f04e8a1;https://www.liveauctioneers.com/item/65581079_rare-south-arabian-alabaster-idol
0-24_p004_65aa4182;https://www.liveauctioneers.com/item/23284652_near-eastern-south-arabian-inscribed-figural-plaque
0-24_p005_e62328cc;https://www.liveauctioneers.com/item/62432099_rare-south-arabian-bronze-statuette-of-a-camel
0-24_p006_cd8130f4;https://www.liveauctioneers.com/item/54897514_western-asiatic-south-arabian-figural-stele
0-24_p007_0c303a56;https://www.liveauctioneers.com/item/59114749_south-arabian-limestone-inscribed-stele
0-24_p008_b3bbc2a1;https://www.liveauctioneers.com/item/70864657_western-asiatic-south-arabian-inscribed-stele
0-24_p009_3635c14a;https://www.liveauctioneers.com/item/57010562_south-arabian-silver-ring-with-magic-symbols
0-24_p010_c5fd48bc;https://www.liveauctioneers.com/item/392261_1026-south-arabian-bronze-male-figure-c900-bc
0-24_p011_b3954a01;https://www.liveauctioneers.com/item/121512452_south-arabian-limestone-funerary-stele-decorated-with
0-24_p012_388bee28;https://www.liveauctioneers.com/item/84539758_rare-south-arabian-alabaster-lion
0-24_p013_bd7f4318;https://www.liveauctioneers.com/item/81898121_bronze-south-arabian-camel
0-24_p014_22603630;https://www.liveauctioneers.com/item/73860401_south-arabian-draped-standing-figure
0-24_p015_9446b713;https://www.liveauctioneers.com/item/15419020_90-an-antiquity-of-a-south-arabian-carved-stone-oxon-o
0-24_p016_669911fd;https://www.liveauctioneers.com/item/47625062_south-arabian-limestone-figural-funerary-stela
0-24_p017_10fd8e92;https://www.liveauctioneers.com/item/68448896_western-asiatic-south-arabian-stele
0-24_p018_aa9959df;https://www.liveauctioneers.com/item/76742186_ancient-south-arabian-bronze-camels-pr
0-24_p019_d9486936;https://www.liveauctioneers.com/item/114846147_south-arabian-inscribed-camel-figurine
0-24_p020_61bd4d40;https://www.liveauctioneers.com/item/57010568_western-asiatic-south-arabian-animal-corbel
0-24_p021_cace8ee4;https://www.liveauctioneers.com/item/17880358_south-arabian-alabaster-head
0-24_p022_c1bd03c0;https://www.liveauctioneers.com/item/54897456_western-asiatic-south-arabian-gold-hair-ring
0-24_p023_680e3156;https://www.liveauctioneers.com/item/117088670_south-arabian-bronze-incense-burner-c2nd-century-ad
0-24_p024_8f908839;https://www.liveauctioneers.com/item/86297443_fine-south-arabian-bronze-camel
0-24_p025_eae3fb86;https://www.liveauctioneers.com/item/49551945_south-arabian-pottery-figure-of-female-riding-camel
0-24_p026_7242eabd;https://www.liveauctioneers.com/item/30718809_south-arabian-sabaean-marble-altar
0-24_p027_62569c7f;https://www.liveauctioneers.com/item/123460689_nabataean-south-arabian-bronze-offerant-statue
0-24_p028_7045447e;https://www.liveauctioneers.com/item/13885396_near_eastern-south-arabian-style-bust-plaque
0-24_p029_3b9d2e88;https://www.liveauctioneers.com/item/17880262_south-arabian-bronze-bifacial-weight-with-inscription
0-24_p030_5553a59c;https://www.liveauctioneers.com/item/81154113_south-arabian-qatabanian-alabaster-beehive-jar-w-lid
0-24_p031_10d339c9;https://www.liveauctioneers.com/item/66775317_0033-south-arabian-limestone-stele
0-24_p032_e1528142;https://www.liveauctioneers.com/item/57579144_sabaean-bronze-camel-south-arabian-peninsula-1st
0-24_p033_3b265ec0;https://www.liveauctioneers.com/item/56427784_south-arabian-camel-stone-amuletseal-c-1st-2nd
0-24_p034_c0c24b0b;https://www.liveauctioneers.com/item/83812748_south-arabian-gilt-silver-epigraphic-bowl
0-24_p035_b42dbc7c;https://www.liveauctioneers.com/item/43563913_western-asiatic-south-arabian-camel-with-inscription
0-24_p036_509ee257;https://www.liveauctioneers.com/item/29017851_near-eastern-south-arabian-bronze-epigraphic-foundation
0-24_p037_de0dadd7;https://www.liveauctioneers.com/item/15419022_91-an-antiquity-of-a-south-arabian-carved-stone-head-o
0-24_p038_b3605768;https://www.liveauctioneers.com/item/68448895_western-asiatic-south-arabian-stele
0-24_p039_04cd5044;https://www.liveauctioneers.com/item/59378189_western-asiatic-south-arabian-tripod-altar
0-24_p040_612db9c5;https://www.liveauctioneers.com/item/59378186_western-asiatic-south-arabian-figural-stele
0-24_p041_f1e72e01;https://www.liveauctioneers.com/item/43112209_south-arabian-alabaster-head-of-a-man
0-24_p042_56933adc;https://www.liveauctioneers.com/item/123552230_south-arabian-type-alabaster-bull
0-24_p043_2b40ba8b;https://www.liveauctioneers.com/item/85293472_lot-of-3-south-arabian-alabaster-stone-and-pottery-items
0-24_p044_5b2e3b39;https://www.liveauctioneers.com/item/58099336_a-south-arabian-male-alabaster-head
0-24_p045_18fb45e7;https://www.liveauctioneers.com/item/52845392_rare-south-arabian-bronze-ceremonial-ladle
0-24_p046_d4d12b18;https://www.liveauctioneers.com/item/7046429_31-egyptian-south-arabian-calcite-alabaster-mortar
0-24_p047_e085b1e0;https://www.liveauctioneers.com/item/63773234_large-south-arabian-statue-with-inscription
0-24_p048_b92e64df;https://www.liveauctioneers.com/item/91549466_south-arabian-gold-crescent-shaped-earring-pair
0-24_p049_9baf51f2;https://www.liveauctioneers.com/item/46777616_western-asiatic-south-arabian-inscribed-stele
0-24_p050_b9e7a5eb;https://www.liveauctioneers.com/item/83787301_south-arabian-21k-gold-earring-granule-border
0-24_p051_b885c4d2;https://www.liveauctioneers.com/item/50610873_western-asiatic-south-arabian-tablet-head
0-24_p052_84a39fff;https://www.liveauctioneers.com/item/70108802_sabaean-south-arabian-alabaster-head
0-24_p053_b4c6b803;https://www.liveauctioneers.com/item/121512454_south-arabian-alabaster-figure-of-a-woman-circa
0-24_p054_ea9d626c;https://www.liveauctioneers.com/item/92254573_a-south-arabian-alabaster-figure-height-12-inches
0-24_p055_6dae8273;https://www.liveauctioneers.com/item/96462310_a-south-arabian-alabaster-libation-table-circa-1st
0-24_p056_a956c2c3;https://www.liveauctioneers.com/item/63773237_western-asiatic-south-arabian-stele
0-24_p057_18ea6ebe;https://www.liveauctioneers.com/item/43563960_western-asiatic-south-arabian-figural-stele
0-24_p058_dd47286f;https://www.liveauctioneers.com/item/65960795_south-arabian-alabaster-head
0-24_p059_55febfe8;https://www.liveauctioneers.com/item/54897480_western-asiatic-south-arabian-standing-statue
0-24_p060_9e2334b5;https://www.liveauctioneers.com/item/80765015_south-arabian-sabaean-imitative-owl-drachm
0-24_p061_2dcf7596;https://www.liveauctioneers.com/item/87922620_south-arabian-sabaean-imitative-owl-drachm
0-24_p062_cdc80fe5;https://www.liveauctioneers.com/item/84033993_south-arabian-epigraphic-stamp-seal
0-24_p063_2586e3fe;https://www.liveauctioneers.com/item/74272818_south-arabian-bronze-camel-votive
0-24_p064_c1e512dc;https://www.liveauctioneers.com/item/72281775_ancient-south-arabian-bronze-camel-statuette
0-24_p065_54b9f21c;https://www.liveauctioneers.com/item/63773236_western-asiatic-south-arabian-head
0-24_p066_e688f654;https://www.liveauctioneers.com/item/63773235_western-asiatic-south-arabian-stele-fragment
0-24_p067_4d99a9e2;https://www.liveauctioneers.com/item/96955764_south-arabian-standing-bull
0-24_p068_66e568c8;https://www.liveauctioneers.com/item/68448897_western-asiatic-south-arabian-stele
0-24_p069_74273256;https://www.liveauctioneers.com/item/63774481_western-asiatic-south-arabian-warrior-statuette
0-24_p070_f55335e3;https://www.liveauctioneers.com/item/70936825_western-asiatic-south-arabian-horse-statuette
0-24_p071_7101345d;https://www.liveauctioneers.com/item/26712269_near-eastern-south-arabian-bronze-figure
0-24_p072_aeb18ab2;https://www.liveauctioneers.com/item/69720653_south-arabian-bronze-camel
0-24_p073_928811d0;https://www.liveauctioneers.com/item/52118455_rare-ancient-south-arabian-bronze-camel-bells
0-24_p074_f73ad6df;https://www.liveauctioneers.com/item/19500898_a-composite-museum-replica-of-a-south-arabian-head
0-24_p075_ea657aa4;https://www.liveauctioneers.com/item/77016361_western-asiatic-south-arabian-mask
0-24_p076_60540fde;https://www.liveauctioneers.com/item/80411396_south-arabian-stone-face-stele
0-24_p077_cb7bc278;https://www.liveauctioneers.com/item/96954419_south-arabian-necklace-with-gold-female-figure-pendant
0-24_p078_7f7d3734;https://www.liveauctioneers.com/item/20828878_south-arabian-hardstone-male-head
0-24_p079_bae3b2f2;https://www.liveauctioneers.com/item/83016432_sabaean-bronze-camel-and-rider-south-arabian
0-24_p080_3f6ea7cc;https://www.liveauctioneers.com/item/70395926_south-arabian-bronze-set-of-three-camels-and-riders
0-24_p081_95a54da8;https://www.liveauctioneers.com/item/68450798_sabaean-bronze-inscribed-camel-south-arabian
0-24_p082_f4514b05;https://www.liveauctioneers.com/item/18857674_near-east-south-arabian-style-terracotta-tile
0-24_p083_3170d05f;https://www.liveauctioneers.com/item/70936910_western-asiatic-south-arabian-inscribed-handle
0-24_p084_59d6578f;https://www.liveauctioneers.com/item/10233880_near-eastern-south-arabian-bronze-figure
31- _31_p002_86aafcec;https://www.pba-auctions.com/lot/20619/4389737
31- _31_p003_29c5ae2a;https://www.pba-auctions.com/lot/20619/4389743
31- _31_p004_c8d52ea6;https://www.sothebys.com/en/buy/auction/2026/origins-sa2601/a-south-arabian-alabaster-figure-of-a-woman
31- _31_p005_2d74b8be;https://www.liveauctioneers.com/item/222884830_south-arabian-stone-seated-idol-london-london
31- _31_p006_56cb6e06;https://www.pba-auctions.com/lot/20619/4389741
31- _31_p007_518f511e;https://www.pba-auctions.com/lot/2966/1013307-statuette-representant-une-femme-enceinte-vetue-dune-longue
31- _31_p008_d07d17df;https://www.pba-auctions.com/lot/1401/422838-statuette-votive-plate-r-representant-un-homme-stylise-il-est
31- _31_p009_5d598bbd;https://www.pba-auctions.com/lot/13968/2643648-orient-lot-compose-de-q uatre-statuettes-votives-representant
31- _31_p010_26086da7;https://www.pba-auctions.com/lot/1401/422846-fragment-de-grande-statue-representant-le-torse-dun-homme
31- _31_p011_4c06705e;https://www.pba-auctions.com/lot/1401/422842-main-droite-provenant-dune-statue-grandeur-nature-les-doigts
31- _31_p012_36e90747;https://www.pba-auctions.com/lot/13968/2643643-orient-stele-iconique-de-type-myriam-elle-represente-le
31- _31_p013_2f2416a9;https://www.pba-auctions.com/lot/20619/4389742
31- _31_p014_e0f6de98;https://www.pba-auctions.com/lot/1401/422830-tete-de-statuette-represe%0Antant-le-visage-dun-homme-barbu-il
31- _31_p015_c0b28629;https://www.zacke.at/auction/lot/lot-61---a-rare-alabaster-head-of-a-wo-man-ancient-kingdom-of-saba/?lot=86586&so=4&st=yemen&sto=0&au=&ef=&et=&ic=
31- _31_p016_f4871bc9;https://www.pba-auctions.com/lot/1401/422834-rare-portrait-de-dignitaire-le-visage-a-lair-melancolique
31- _31_p017_aa106c3f;https://www.pba-auctions.com/lot/26527/5971829-tete-masculine-tete-de-statue-representant-un-homme-jeune-le
31- _31_p018_b1646d5e;https://www.pba-auctions.com/lot/20619/4389738
31- _31_p019_92190aac;https://www.pba-auctions.com/lot/1401/422827-statuette-representant-un-jeune-cervide-bondissant-le-corps
31- _31_p020_7366c680;https://www.liveauctioneers.com/item/222884804_south-arabian-marble-stela-with-inscription-london-london
31- _31_p021_4561609d;https://www.acropolo.com/ancient-south-arabian-stone-pillar-stela-1st-cent-bc-9
31- _31_p022_02bfec92;https://www.pba-auctions.com/lot/20619/4389735
31- _31_p023_42ffe533;https://www.pba-auctions.com/lot/20619/4389736
31- _31_p024_3c4c4c31;https://www.liveauctioneers.com/item/222884804_south-arabian-marble-ste-la-with-inscription-london-london
31- _31_p025_a27af77d;https://www.pba-auctions.com/lot/2966/1013300-grande-stele-iconique-representant-la-tete-dun-homme-au
31- _31_p026_d235d123;https://www.pba-auctions.com/lot/4963/1205126-grande-plaque-votive-inscrite-de-huit-lignes-en-caracteres
31- _31_p027_10b82af4;https://www.pba-auctions.com/lot/89386/8797539-stele-funeraire-peninsule-sudarabique-ca-ier-iiie-siecles
31- _31_p028_dd1df250;https://www.pba-auctions.com/lot/1936/697028-stele-historiee-stele-rectangulaire-sculptee-en-leger-relief
31- _31_p029_46c1dbc3;https://www.liveauctioneers.com/item/222884806_south-arabian-stone-ste-la-with-bull-s-head-and-inscription-london-london
31- _31_p030_267a9cea;https://www.pba-auctions.com/lot/20619/4389739
31- _31_p031_28432a4b;https://www.pba-auctions.com/lot/13968/2643651-orient-plaque-votive-au-xtetes-de-taureaux-plaque
31- _31_p032_371c7b9e;https://www.pba-auctions.com/lot/1401/422841-vase-votif-quadrangulaire-perce-de-deux-cupules-les-faces
31- _31_p033_b5dd6f23;https://www.pba-auctions.com/lot/18540/3912819-disque-aux-taureaux-disque-ornemental-grave-dune-etoile-et
31- _31_p034_3181947f;https://www.liveauctioneers.com/item/223526312_a-south-arabian-calcite-vessel-with-human-head-spout-and-lion-head-handle-1st-mil-bce-28zb-hunghom-kowloon
31- _31_p035_52be4054;https://www.pba-auctions.com/lot/16862/3399530-rare-cachet-circulaire-a
31- _31_p036_224b2bc3;https://www.pba-auctions.com/lot/1936/697036-collier-forme-dune-chaine-en-deux-parties-de-fils-dor
31- _31_p037_20e4ce58;https://www.sothebys.com/en/buy/auction/2025/important-judaica-2/a-hist-oric-yemenite-torah-scroll
31- _31_p039_a2395d3d;https://www.pba-auctions.com/lot/20619/4389740
0-19_p001_294d6b2d;https://www.orientalartauctions.com/object/artisla09832
0-19_p002_ccd82731;https://www.bada.org/object/south arabian inscription
0-19_p004_5e2dc892;https://www.e-south-arrivals/ancient-tiquities.com/newalter-alabaster-and-bronze-arabian
0-19_p005_bc5c1fc3;https://www.christies.com/lot/lot-1949521
0-19_p006_55714451;https://www.e-tiquities.com/new-arrivals/south-arabian-votive-plaque-with-inscriptions
0-19_p007_67eaeef1;https://www.freemansauction.com/auctions/the-hunter-jeff-1626/lot/19-art-and-tribal-antiquities-collection
0-19_p008_3f1052df;https://www.lyonandturnbull.com/auctions/antiques/354/lot/548
0-19_p009_7128eb36;https://www.lyonandturnbull.com/auctions/form/time-through-735/lot/31
0-19_p010_da2683d3;https://www.lyonandturnbull.com/auctions/form735/lot/38
0-19_p011_4163a650;https://www.lyonandturnbull.com/auctions/belle-poque-567/lot/321
0-19_p013_9c466c62;https://www.antiquities.co.uk/shop/ancient/pendant-bull-gold-arabian-jewellery/pendants/south
0-19_p014_2fe35087;https://www.antiquities.co.uk/shop/ancient-figurines/camel-alabaster-arabian-south-statues/camels/rare
0-19_p020_651730f0;https://artandantiquities.co.uk/a1gallery3.asp?roomID=12552&pictureID=114648&next=previous
0-19_p023_faae9bc7;https://il.bidspirit.com/ui/lotPage/deutsch/source/search/auction/171-BRONZE-ARABIAN-SOUTH-OF-PAIR-91/lot/87259/AULL?lang=ar
0-19_p024_b2b6dbc2;https://il.bidspirit.com/ui/lotPage/deutsch/source/search/auction/171/ALABASTER-ARABIAN-SOUTH-91/lot/87255/AOREPART?lang=ar
0-19_p025_1f5cf1a6;https://il.bidspirit.com/ui/lotPage/deutsch/source/search/auction/21840/lot/8
0-19_p026_c8fa5e2c;https://il.bidspirit.com/ui/lotPage/deutsch/source/search/auction/210/BRONZE?lang=ar-YEMENITE-ARABIAN-SOUTH-7/lot/81071/A
0-19_p027_9cd828cf;https://il.bidspirit.com/ui/lotPage/deutsch/source/search/auction/313/-SCORPION-BRONZE-ARABIAN-SOUTH-20/lot/89406/Abel?lang=arH
0-19_p028_9666997a;https://il.bidspirit.com/ui/lotPage/deutsch/source/search/auction/17191/lot/MASK?lang=ar-MALE-ALABASTER-ARABIAN-SOUTH-87286/A
0-19_p029_495dd84b;https://il.bidspirit.com/ui/lotPage/deutsch/source/search/auction/171-ALABASTER-ARABIAN-SOUTH-91/lot/87294/A?lang=ar
0-19_p030_6c5f64eb;https://il.bidspirit.com/ui/lotPage/deutsch/source/search/auction/1719ARCHER?lang=ar-BRONZE-ARABIAN-SOUTH-1/lot/87295/A
0-19_p031_730dfa3d;https://il.bidspirit.com/ui/lotPage/deutsch/source/search/auction/34JEMEN?lang=ar-TAYMA-ARABIAN-SOUTH-77/lot/82092/A
0-19_p032_93ced4b7;https://il.bidspirit.com/ui/lotPage/deutsch/source/search/auction/2184/ALABASTER?lang=ar-ARABIAN-SOUTH-0/lot/87904/A
0-19_p033_5f3b7707;https://il.bidspirit.com/ui/lotPage/deutsch/source/search/auction/1-LIMESTONE-ARABIAN-SOUTH-7191/lot/87215/ASCHEMATIC?lang=ar
0-19_p034_24273a1d;https://il.bidspirit.com/ui/lotPage/deutsch/source/search/auction/-A-OF-STATUE-BRONZE-LARGE-17191/lot/87304/A?lang=ar-ORSE-H
0-19_p035_bf482bed;https://il.bidspirit.com/ui/lotPage/deutsch/source/search/auction/171ELECTRUM?lang=ar-GOLD-ARABIAN-SOUTH-91/lot/87252/A
0-19_p036_988bc432;https://n9.cl/45z74
0-19_p037_69095412;https://n9.cl/45z74
0-19_p038_693823ed;https://n9.cl/45z74
0-19_p039_6d43cebc;https://n9.cl/45z74
0-19_p040_beb81773;https://n9.cl/45z74
0-19_p041_da78d310;https://n9.cl/45z74
0-19_p042_99ed724d;https://n9.cl/45z74
0-19_p043_0cdc9c57;https://n9.cl/45z74
0-19_p044_3b8ce08e;https://n9.cl/45z74
0-19_p045_95cc1d3d;https://n9.cl/45z74
0-19_p046_943d9d71;https://n9.cl/45z74
0-19_p047_44ef61e8;https://n9.cl/45z74
0-19_p048_b5246a2e;https://n9.cl/45z74
0-19_p049_bf549fbd;https://n9.cl/45z74
0-19_p050_7c5f056c;https://n9.cl/45z74
0-23_p001_3b177a57;https://www.liveauctioneers.com/item/128168002_a-rabian-south-cm-14-inches-38-5-height-ibex-alabaster
0-23_p002_1bd278fb;https://www.liveauctioneers.com/item/71610757_fine-male-bearded-head-arabian-south-alabaster
0-23_p003_a6f1b4cd;https://www.liveauctioneers.com/item/61645057_ancient-head-alabaster-arabian-south
0-23_p004_09a953a0;https://www.liveauctioneers.com/item/68450711_south-arabian-1st-2nd-c-man-a-of-head-alabaster
0-23_p005_f55e2a83;https://www.liveauctioneers.com/item/48996987_south-sabaean-arabian-goat-kid-a-figure-of-bronze
0-23_p006_4e7522f7;https://www.liveauctioneers.com/item/46777615_western-south-asiatic-stele-inscribed-arabian
0-23_p007_885d7bea;https://www.liveauctioneers.com/item/47335605_western-south-asiatic-arabian-stele-figural
0-23_p008_05b6255b;https://www.liveauctioneers.com/item/16311613_prehistoric-bust-alabaster-arabian
0-23_p009_b6a13d39;https://www.liveauctioneers.com/item/44222029_south-mortar-alabaster
0-23_p011_9d516878;https://www.liveauctioneers.com/item/13884378_near-south-eastern-figurine-bull-bronze-arabian
0-23_p012_328b6ba2;https://www.liveauctioneers.com/item/12454605_near-arabian-south-eastern-torc-silver
0-23_p013_6877be73;https://www.liveauctioneers.com/item/47394871_ancient-arabian-south-ad-cent-c1st-vase-pottery-yemen
0-23_p014_242c6ad9;https://www.liveauctioneers.com/item/72824493_south-marble-arabian-inscription-translated-w-stele
0-23_p015_7d122071;https://www.liveauctioneers.com/item/88318862_translated-south-inscription-greek-stele-stone-arabian
0-23_p016_d34f10b0;https://www.liveauctioneers.com/item/71758428_huge-arabian-south-table-libation-alabaster
0-23_p017_5355a7e9;https://www.liveauctioneers.com/item/47394586_ancient-south-sabean-c1st-cent-limestone-arabian-stele
0-23_p018_828f18b7;https://www.liveauctioneers.com/item/87920652_south-stamp-arabian-seal
0-23_p019_6d3115bc;https://www.liveauctioneers.com/item/113639008_south-arabian-stele-head-alabaster
0-23_p020_7fb70004;https://www.liveauctioneers.com/item/121073520_south-arabian-yemen-from-head-alabaster
0-23_p021_2ef78b19;https://www.liveauctioneers.com/item/124710891_south-arabian-inscription-w-stele-funerary-limestone
0-23_p022_fd8a0a14;https://www.liveauctioneers.com/item/57693372_rare-arabian-south-sabaean-seal-scaraboid-gilded
0-23_p023_c1627aa0;https://www.liveauctioneers.com/item/15762183_a-stone-arabian-south-head-stele
0-23_p024_ffe01bb2;https://www.liveauctioneers.com/item/73258428_translatedsouth-funerary-stele-limestone-arabian
0-23_p025_0a657650;https://www.liveauctioneers.com/item/68726542_south-stone-arabian-stele
0-23_p026_748c8649;https://www.liveauctioneers.com/item/62432104_large-arabian-south-jar-lidded-alabaster-qatabanian
0-23_p027_f4634af2;https://www.liveauctioneers.com/item/13735384_28
0-23_p028_e4b77dbc;https://www.liveauctioneers.com/item/41859623_greek-hellenistic-arabian-south-with-statuette
0-23_p029_8fba2a61;https://www.liveauctioneers.com/item/70864654_western-south-asiatic-inscribed-arabian-stele
0-23_p030_d582f908;https://www.liveauctioneers.com/item/44734459_western-south-asiatic-stele-inscribed-arabian
0-23_p031_3ddd866d;https://www.liveauctioneers.com/item/114846180_south-seated-arabian-figure-god
0-23_p032_2734196d;https://www.liveauctioneers.com/item/39599878_ancient-south-a-head-alabaster-arabian
0-23_p033_50d9b647;https://www.liveauctioneers.com/item/76882036_south-arabian-head-idol-stone-qatabanian
0-23_p034_739e4656;https://www.liveauctioneers.com/item/82167035_rare-bull-sculpture-alabaster-sabaen
0-23_p035_08523e2f;https://www.liveauctioneers.com/item/75529387_rare-arabian-south-tall-man-a-statue-of-sandstone
0-23_p036_f38b56f5;https://www.liveauctioneers.com/item/62795414_rare-arabian-south-woman-a-figure-of-alabaster
0-23_p037_6911490a;https://www.liveauctioneers.com/item/44128861_extremely-south-rare-figure-alabaster-sabean-arabian
0-23_p038_02aca612;https://www.liveauctioneers.com/item/13735386_29
0-23_p039_bb7ad38f;https://www.liveauctioneers.com/item/70864655_western-south-asiatic-inscribed-arabian-stele
0-23_p040_038da38c;https://www.liveauctioneers.com/item/83812773_south-arabian-stele
0-23_p041_e38d3616;https://www.liveauctioneers.com/item/60996612_south-bronze-arabian-rare-camel
0-23_p042_df532a8f;https://www.liveauctioneers.com/item/47334969_western-south-asiatic-arabian-statuette
0-23_p043_8b4c9199;https://www.liveauctioneers.com/item/123304717_south-arabian-head-alabaster-sabaean
0-23_p044_c0f20c38;https://www.liveauctioneers.com/item/62250492_ancient-arabian-south-bc-cen-c1st-stele-face-limestone
0-23_p045_efca2cf1;https://www.liveauctioneers.com/item/27124678_south-painted-arabian-stele-limestone
0-23_p046_e3d25603;https://www.liveauctioneers.com/item/70864658_western-south-asiatic-vessel-lidded-arabian
0-23_p047_d9886b9b;https://www.liveauctioneers.com/item/108178948_large-arabian-south-stela-face
0-23_p048_18cbe10e;https://www.liveauctioneers.com/item/14076640_early-arabian-south-sculpture-alabaster
0-23_p049_dd733e4c;https://www.liveauctioneers.com/item/73860457_western-south-asiatic-fragment-bust-arabian
0-23_p050_e7d6c043;https://www.liveauctioneers.com/item/72677761_a-bc-arabian-south-century-1st-circa-head-alabaster
0-23_p051_19424dd9;https://www.liveauctioneers.com/item/4906434_362/arabian-south-figure-carved-alabaster
0-23_p052_9ff6d97a;https://www.liveauctioneers.com/item/70936890_western-south-asiatic-group-fragment-alabaster-arabian
0-23_p053_a6127312;https://www.liveauctioneers.com/item/69255761_south-stone-arabian-inscription-with-relief-bull
0-23_p054_c2b635d6;https://www.liveauctioneers.com/item/61121669_south-arabian-1st-2nd-c-man-a-of-head-alabaster
0-21_p001_6adec507;https://heidicon.ub.uni-heidelberg.de/api/v1/objects/id/868256/format/xslt/detail
0-21_p002_6e218938;https://www.sothebys.com/en/buy/auction/2024/arts-of-the-islamic-world-and-india/a-large-gilt-copper-tombak-candlestick
0-21_p003_6b5eae07;https://bertolamifineart.bidinside.com/en/lot/126912/a-rare-south-arabian-gold-ring-set-with-a-/
0-21_p004_ab94b753;https://bertolamifineart.bidinside.com/en/lot/126913/a-large-banded-agate-intaglio-set-in-a-/
0-21_p005_539ad6f3;https://images.ashmolean.org/asset/11455/
0-21_p006_84c0b921;https://images.ashmolean.org/asset/63388/
0-21_p007_bba92ffb;https://jenikirbyhistory.getarchive.net/media/south-arabian-frieze-with-oryx-heads-walters-2165-b70128
0-21_p008_4d2fd3f8;https://jenikirbyhistory.getarchive.net/media/south-arabian-relief-with-vines-walters-2167-beea12
0-21_p009_70022fb3;https://jenikirbyhistory.getarchive.net/media/south-arabian-bulls-head-protoma-walters-2140-three-quarter-7df694
0-21_p010_69ca4ac6;https://jenikirbyhistory.getarchive.net/media/south-arabian-head-of-a-ram-walters-2158-three-quarter-e1cb73
0-21_p011_de7c463c;https://jenikirbyhistory.getarchive.net/media/south-arabian-statuette-of-a-bull-walters-2155-ee0e7b
0-21_p012_cb36e5e4;https://art.thewalters.org/detail/76488/figure-of-a-female-worshiper/
0-21_p013_5466316d;https://art.thewalters.org/detail/76515/trapezoidal-stela-with-a-concave-top/#item-modal
0-21_p014_587c3579;https://art.thewalters.org/detail/76493/head-of-lady-helqeb/
0-21_p015_8de652d6;https://art.thewalters.org/detail/76480/stela-with-a-bulls-head/
0-21_p016_7c432e20;https://art.thewalters.org/detail/76487/stela-with-a-seated-woman/
0-21_p017_19d0b722;https://jenikirbyhistory.getarchive.net/media/south-arabian-bearded-man-walters-2136-255909
0-21_p018_dfc398a6;https://jenikirbyhistory.getarchive.net/media/south-arabian-head-stela-of-a-man-with-a-full-beard-walters-2130-5ac0fe
0-21_p019_6a294d81;https://sa24.co/show770963277.html
0-21_p020_59f8ecef;https://jenikirbyhistory.getarchive.net/media/south-arabian-stela-with-bulls-head-walters-2151-d0eec2?zoom=true
0-21_p021_a227a653;https://bertolamifineart.bidinside.com/en/lot/55561/yemenite-alabaster-oil-lamp-19th-century/-
0-21_p022_33194a38;https://bertolamifineart.bidinside.com/en/lot/55560/yemenite-alabaster-oil-lamp-19th-century/-
0-21_p023_0ecb35f6;https://jenikirbyhistory.getarchive.net/media/south-arabian-relief-with-a-bulls-head-walters-2139-cf8673
0-21_p024_dec4451a;https://bertolamifineart.bidinside.com/en/lot/55528/yemenite-black-stone-oil-lamp-8th-10th/-
0-21_p025_de34ae55;https://jenikirbyhistory.getarchive.net/media/south-arabian-plaque-of-a-man-walters-20071735-bb63ad
0-21_p026_e8ab5e07;https://art.thewalters.org/detail/76495/pendant-with-human-face/
0-21_p027_ae3c4f62;https://images.ashmolean.org/asset/63386/
0-21_p028_5d8aee21;https://jenikirbyhistory.getarchive.net/media/south-arabian-head-stela-of-a-man-with-a-full-beard-walters-2130-5ac0fe
0-21_p029_d8585686;https://jenikirbyhistory.getarchive.net/media/south-arabian-head-stela-of-a-man-with-a-full-beard-walters-2130-5ac0fe
0-21_p030_fbc5b747;https://jenikirbyhistory.getarchive.net/media/south-arabian-head-stela-of-a-man-with-a-full-beard-walters-2130-5ac0fe
0-21_p031_bcd0f28f;https://hindmanauctions.com/new-noteworthy/property-from-the-esteemed-ernest-and-ella-brummer-collection-quadruples-estimate-selling-for-more-than-2-million
0-28_p001_aeebab61;https://www.khm.at/en/artworks/mann-zu-zwei-loewen-376268/
0-28_p002_c27fb803;https://www.khm.at/kunstwerke/mann-mit-zwei-steinböecken-376277
0-28_p003_78e2c05b;https://www.khm.at/kunstwerke/weihinschrift
0-28_p004_558dd6e7;https://www.khm.at/kunstwerke/lampe-mit-steinbockprotom-376564
0-28_p005_0ecce4f0;https://www.khm.at/kunstwerke/statuette-maus-einer-376270
0-28_p006_b6ac7e93;https://www.khm.at/kunstwerke/relief-mit-haarkranz-eines-mannes-mit-schnurrbart-376562
0-28_p007_7f5ed1e5;https://www.khm.at/kunstwerke/vertragsstele-riy-m-375971
0-28_p008_fefb8c59;https://www.khm.at/kunstwerke/regenrinne-stierkopf-mit-376217
0-28_p009_d94e3f6b;https://traveltoeat.com/treasures-museum-archaeology-istanbul-yemen-turkey/
0-28_p010_29618710;https://dasi.cnr.it/index.php?id=30&prjId=1&corId=0&colId=0&navId=336800338&recId=7704&mark=07704%2C001%2C001
0-28_p011_41cdbb52;https://traveltoeat.com/treasures-archaeology-istanbul-yemen-turkey-museum/
0-28_p012_b3929ea9;https://dasi.cnr.it/index.php?id=30&prjId=1&corId=0&colId=0&navId=24979542&recId=3795&mark=03795%2C001%2C002
0-28_p013_e319240e;https://traveltoeat.com/treasures-turkey-museum-archaeology-istanbul-yemen-of/
0-28_p014_9cb4bd60;https://traveltoeat.com/treasures-archaeology-istanbul-yemen-turkey-museum/
0-28_p015_b3fce614;https://traveltoeat.com/treasures-museum-archaeology-istanbul-yemen-of-turkey/
0-28_p016_ad4f06b4;https://traveltoeat.com/treasures-museum-archaeology-istanbul-yemen-turkey/
0-28_p017_858a7c97;https://traveltoeat.com/treasures-archaeology-istanbul-yemen-of-turkey-museum/
0-28_p018_d4b589f5;https://traveltoeat.com/treasures/museum-archaeology-istanbul-yemen-turkey/
0-28_p019_9b221f0b;https://traveltoeat.com/treasuresmuseum-archaeology-istanbul-yemen-turkey/
0-28_p020_c57aa05d;https://traveltoeat.com/treasures-museum-archaeology-istanbul-yemen-turkey/
0-28_p021_0c783b35;https://dasi.cnr.it/index.php?id=30&prjId=1&corId=0&colId=0&navId=920737773&recId=9384&mark=09384%2C001%2C004
0-28_p022_99257637;https://traveltoeat.com/treasures-museum-archaeology-istanbul-yemen-turkey/
0-28_p023_104b6c2c;https://traveltoeat.com/treasures/museum-archaeology-istanbul-yemen-turkey/
0-28_p024_f072e75e;https://traveltoeat.com/treasures-archaeology-istanbul-yemen-turkey-museum/
0-28_p025_534a771f;https://traveltoeat.com/treasures-archaeology-istanbul-yemen-of-turkey-museum/
0-28_p026_000f38f3;https://www.britishmuseum.org/collection/object/W_1925-0923-2
0-28_p027_49196eb4;https://collections.louvre.fr/en/ark:/53355/cl010166659
0-28_p028_76ccf6a0;https://collections.louvre.fr/en/ark:/53355/cl010167149
0-28_p029_e567a978;https://collections.louvre.fr/en/ark:/53355/cl010167149
0-28_p031_19978641;https://collections.louvre.fr/en/ark:/53355/cl010167149
0-4_p001_27d081fd;https://barakatgallery.eu/artworks/57956-sabean-silver-drachma-300-bce-200-ce/
0-4_p001_4436bf38;https://store.barakatgallery.com/product/sabean-bronze-sculpture-of-a-standing-man/
0-4_p002_25e64c16;https://store.barakatgallery.com/product/sabean-man/-a-/of/-bust/-bronze-
0-4_p002_06d55388;https://store.barakatgallery.com/product/sabean-bronze-votive-plaque/
0-4_p003_54637cdc;https://www.thecityreview.com/f04cant1.html
0-4_p003_16facb8e;https://barakatgallery.eu/artworks/60216-sabaean-seated-statuette-of-a-woman-600-bce-100-bce/
0-4_p004_44b0f2d6;https://www.thecityreview.com/f09cant.html
0-4_p004_16ec014b;https://store.barakatgallery.com/product/sabean-marble-fertility-goddess/
0-4_p005_65368b4e;https://store.barakatgallery.com/product/sabean-limestone-idol-of-the-lady/
0-4_p005_84a0ac5e;https://store.barakatgallery.com/product/funerary-head-of-a-bearded-man/
0-4_p006_e4581251;https://store.barakatgallery.com/product/sabean-stone-stela-depicting-woman/
0-4_p006_c70aabec;https://store.barakatgallery.com/product/sabean-alabaster-ram/
0-4_p007_132cc91e;https://store.barakatgallery.com/product/sabean-alabaster-stele-depicting-a-mother-and-child/
0-4_p007_94931a8a;https://store.barakatgallery.com/product/sabean-funerary-stone-plaque/
0-4_p008_9905cdb4;https://www.1stdibs.com/furniture/folk-art/antiquities/sabean-funerary-stone-plaque/id-f_6213143/
0-4_p008_edea912b;https://barakatgallery.eu/artworks/54706-sabean-granite-head-of-a-woman-600-bce-100-bce/
0-4_p009_90e33534;https://barakatgallery.eu/artworks/56867-sabean-alabaster-relief-of-a-horned-bull-200-bce-100-ce/
0-4_p009_6c2e0f24;https://www.nm.gov.om/collection/gift/archaeological-findings
0-4_p010_a7693691;https://www.timesofisrael.com/prophets-exhibit-jerusalem-in-vivid-made-yemen-ancient-kings-jewish-priests
0-4_p010_469326ea;https://www.timesofisrael.com/prophets-exhibit-jerusalem-in-vivid-made-yemen-ancient-kings-jewish-priests
0-4_p011_1d3c0b89;https://www.timesofisrael.com/prophets-exhibit-jerusalem-in-vivid-made
0-4_p011_cca5589b;https://www.timesofisrael.com/prophets-exhibit-jerusalem-in-vivid-made
0-30_p002_4065828c;https://www.liveauctioneers.com/item/221108338_a-miniature-south-arabian-alabaster-head-circa-1st-century-bc-1st-century-ad-london-london
0-30_p003_2e0f1399;https://www.artcurial.com/en/sales/4042/lots/46-a
0-30_p004_e96b4190;https://www.artcurial.com/en/sales/2266/lots/27-a
0-30_p005_10baea5a;https://drouot.com/en/l/31417835-head-of-a-man-sabaean-3rd-century-bc-1st-century-ad-h-28-5
0-30_p006_6686f187;https://www.lot-art.com/auction-lots/TETE-MASCULINE/71-tete_masculine-11.12.25-monte
0-30_p007_f4603e0c;https://www.bidsquare.com/online-auctions/artemis-gallery/south-arabian-stone-idol-figure-1383536
0-30_p008_6098ac5e;https://www.bonhams.com/auction/30769/lot/73/statuette-feminine-assise-en-calcaire-sud-de-la-peninsule-arabique-ca-iiie-siecle-av-jc-ier-siecle-ap-jc/
0-30_p009_8f0c48a1;https://www.bonhams.com/auction/20668/lot/181/a-south-arabian-limestone-seated-figure/
0-30_p010_82b6e20a;https://www.metmuseum.org/art/collection/search/326695
0-30_p011_2fc817ec;https://freemansauction.com/auctions/6428-antiquities-and-ancient-art/lot/152?fromSearch=true
0-30_p012_4aa6b43c;https://www.artcurial.com/en/sales/2266/lots/72-a
0-30_p013_d3799f39;https://www.artcurial.com/en/sales/2192/lots/64-a
0-30_p014_9bc22dd3;https://www.metmuseum.org/art/collection/search/327483
0-30_p015_0355db58;https://www.britishmuseum.org/collection/object/W_1925-0724-9
0-30_p016_52fdfd6f;https://art.thewalters.org/object/42.1512/
0-30_p017_6c61750c;https://www.christies.com/en/lot/lot-4205318
0-30_p018_880a3521;https://www.metmuseum.org/art/collection/search/324075
0-30_p019_bfd02ae9;https://www.liveauctioneers.com/item/221108364_a-south-arabian-alabast-er-votive-circa-3rd1st-century-bc-london-london
0-30_p020_5b4e7eb9;https://www.metmuseum.org/art/collection/search/328941
0-30_p021_65971c7e;https://www.metmuseum.org/art/collection/search/324255
0-30_p022_151bed79;https://www.sothebys.com/en/buy/auction/2021/ancient-sculpture-and-worksof-art-part-i/a-south-arabian-veined-alabaster-bull-stele
0-30_p023_ed1e9a07;https://www.liveauctioneers.com/item/50103156_south-arabian-alabaster-stele-w-inscription-louisville-co%0a https:/www.invaluable.com/auction-lot/south-arabian-alabaster-stele-w-inscription-53-c-c924a55803
0-30_p024_e5663af0;https://www.liveauctioneers.com/item/221108153_a-south-arabian-alabaster-libation-table-circa-2nd-century-bc-2nd-century-ad-london-london
0-30_p025_442127da;https://www.liveauctioneers.com/item/221108365_a-south-arabian-alabaster-libation-table-circa-2nd-century-bc2nd-century-ad-london-london
0-30_p026_bffdbce6;https://freemansauction.com/auctions/6428-antiquities-and-ancient-art/lot/153?fromSearch=true
0-30_p027_144a55e3;https://freemansauction.com/auctions/6428-antiquities-and-ancient-art/lot/154/preview?index=0
0-22_p004_4c5b844c;https://barakatgallery.eu/artworks/54789-sabean-alabaster-bust-of-a-woman-200-bce-100-ce/
0-22_p006_b71734c4;https://www.kedem-auctions.com/en/content/manuscript-taj-yemen-18th-century-torah-haturim-baal
0-22_p007_0d42f868;https://www.kedem-miniature-auctions.com/en/content/manuscript-19th-century-yemen-diwan
0-22_p008_e6f7e902;https://www.kedem-auctions.com/en/content/three-manuscripts-passover-haggadah-yemen
0-22_p009_ab2ed43b;https://www.kedem-auctions.com/en/content/manuscript-menorat-hamaor-sanaa-yemen-1848
0-22_p010_7fb500f3;https://www.kedem-auctions.com/en/content/manuscript-mipi-chachamim-yemen-1895
0-22_p011_683adcce;https://www.kedem-auctions.com/en/content/three-manuscripts-yemen
0-22_p012_ec9c65d5;https://www.kedem-auctions.com/en/content/two-manuscripts-prayers-and-piyyutim-yemen-19th-century
0-22_p013_72b94c40;https://www.kedem-auctions.com/en/content/manuscript-tiklal-yemen-1876-siddur
0-22_p014_f8a5f56a;https://www.kedem-auctions.com/en/content/manuscript-siddur-year-round-use-yemen-19th-century
0-22_p015_88c123d1;https://www.kedem-auctions.com/en/content/three-manuscripts-yemen-0
0-22_p016_cc4b6a73;https://www.kedem-auctions.com/en/content/collection-manuscripts-yemen
0-22_p017_6abd9361;https://www.bonhams.com/auctions/20021/lot/282
0-22_p018_439e9ea8;https://www.bonhams.com/auctions/20021/lot/283
0-22_p019_3b93fef1;https://www.bonhams.com/auctions/20467/lot/201/
0-22_p020_d68dbfc2;https://www.bonhams.com/auctions/20668/lot/151/
0-22_p021_05077278;https://www.bonhams.com/auctions/21926/lot/104/
0-22_p022_e2eb1dc8;https://www.bonhams.com/auctions/21928/lot/129/
0-22_p023_23c77c9b;https://www.bonhams.com/auctions/23364/lot/147/
0-22_p024_df087257;https://www.bonhams.com/auctions/21722/lot/41
0-22_p027_759f710f;https://www.liveauctioneers.com/item/52730812_western-sculpture-male-arabian-south-asiatic
0-22_p028_66b11011;https://www.lot-art.com/auction-lots/Translated-Sabean-Alabaster-Tablet-Nawfathat/82-translated_sabean-artemi-11.6.15
0-22_p029_ff538274;https://www.lot-art.com/auction-lots/Prehistoric-neolithic-lots/45352649-prehistoric_neolithic_catawiki-24.2.21-mother-goddess-limestone-Idol-3x0x0-cm
0-22_p030_cb31daf3;https://www.lot-art.com/auction-lots/A-Sabaean-marble-head-and-torso-of-a-youth/123-sabaean_marble-30.5.20-ancientres
0-22_p031_22acfcad;https://www.lot-art.com/auction-lots/Charming-Sabaean-calcite-statue-of-a-robed-figure/124-charming_sabaean-30.5.20-ancientresinfo
29- _29_p005_171b8706;https://www.invaluable.com/auction-lot/south-arabian-alabaster-ram-399-c-58a490b8d3
29- _29_p019_5186eca2;https://www.martindoustar.com/archeology?pgid=k7xd5qk7-380a65b1-4910-4978-a221-508898191e05
29- _29_p021_11b31839;https://www.georgeortiz.com/objects/greek-world-cont/117-warrior-archaic/
29- _29_p039_a9f53137;https://www.liveauctioneers.com/item/212223123_south-arabian
29- _29_p040_6bce3745;https://www.liveauctioneers.com/price-result/ancient-south-arabian-alabaster-head-of-a-woman/
29- _29_p041_5fbfa716;https://www.liveauctioneers.com/price-result/south-arabian-offering-table-with-inscription/
29- _29_p042_7a61ad2e;https://www.liveauctioneers.com/item/211090034_south-arabian-marble-face-with-inscription-northern-yemen-circa-3rd1st-century-bc-bangkok-bangkok
29- _29_p043_255b10d7;https://www.lyonandturnbull.com/auctions/form-through-time-735/lot/31
29- _29_p047_4ab8cf85;https://www.liveauctioneers.com/item/212223125_south-arabian-alabaster-male-head-harwich-essex
0-14_p022_e7ef2ce4;https://www.lot-art.com/auction-lots/South-Arabian-Alabaster-Tablet-with-Inscription/206-south_arabian-05.9.23-timeline
0-14_p026_2c507d36;https://www.lot-art.com/auction-lots/South-ArabianSabaean-Speckled-Alabaster-Calf--c-1st-Century-BC/89-south_arabian-30.5.23-artemission
0-14_p027_ec708607;https://www.lot-art.com/auction-lots/FOUR-SOUTH-ARABIAN-ANIMAL-FIGURES/45-four_south-15.7.22-plaka
0-14_p028_4041cb1f;https://www.lot-art.com/auction-lots/A-SOUTH-ARABIAN-CARNELIAN-INSCRIBED-MAGICAL-SCARBOID--CIRCA-/64-south_arabian-03.7.23-plaka
0-14_p029_f769888f;https://www.lot-art.com/auction-lots/A-South-Arabian-Alabaster-Head-of-a-Man--3rd-Century-BC1st-Century-AD/20-south_arabian-07.12.21-sotheby
0-14_p030_c5cb9878;https://www.lot-art.com/auction-lots/A-South-Arabian-Limestone-Ibex-Frieze--3rd-Century-BC1st-Century-AD/2-south_arabian-07.12.21-sotheby
0-14_p032_82525ee5;https://www.lot-art.com/auction-lots/A-South-Arabian-Alabaster-Relief-Head-of-a-Woman--circa-3rd-Century-BC1st-Century-AD/19-south_arabian-07.12.21-sotheby
0-14_p035_4c0a409e;https://www.lot-art.com/auction-lots/South-ArabianSabaean-Marble-Head-Stele-with-Inscription--c-3rd-1st-Century-BC/75-south_arabian-28.2.23-artemission
0-14_p036_90bc3926;https://www.lot-art.com/auction-lots/SOUTH-ARABIAN-STONE-FACE-STELE-WITH-INLAID-EYES/492-south_arabian-12.3.23-apollo
0-14_p037_d8eb0074;https://www.lot-art.com/auction-lots/A-SOUTH-ARABIAN-BRONZE-SCORPION/330-south_arabian-09.4.23-archaeological
0-14_p038_e61326bd;https://www.lot-art.com/auction-lots/South-Arabian-Stone-Head/98-south_arabian-11.5.23-artemi
0-14_p039_ddf060e7;https://www.lot-art.com/auction-lots/SOUTH-ARABIAN-ALABASTER-STELE-FRAGMENT-WITH-A-BULL/142-south_arabian-29.6.18-chiswick
0-14_p040_58885c6e;https://www.lot-art.com/auction-lots/South-Arabian-Limestone-Stele-Fragment/36685059-south_arabian-07.5.20-catawiki
0-14_p041_6240297d;https://www.lot-art.com/auction-lots/A-South-Arabian-Alabaster-Ibex-Height-5-38-inches-14-cm/69-south_arabian-26.5.22-hindman
0-14_p042_78ff3cb5;https://www.lot-art.com/auction-lots/A-South-Arabian-Limestone-Stele-Height-14-38-inches-363-cm/70-south_arabian-26.5.22-hindman
0-14_p043_1add3b82;https://www.lot-art.com/auction-lots/A-South-Arabian-bronze-inscriptional-plaque/255-south_arabian-06.7.23-bonham
0-14_p044_dfa1c7a5;https://www.lot-art.com/auction-lots/A-South-Arabian-limestone-female-figure/256-south_arabian-06.7.23-bonham
0-14_p045_fd5a4154;https://www.lot-art.com/auction-lots/SOUTH-ARABIAN-BRONZE-HEAD-OF-A-BULL-imyarite-Kingdom--1st/258-south_arabian-10.7.19-bertolami
0-15_p001_5ec7c6a6;https://www.liveauctioneers.com/item/166998336_ancient-alabaster-south-arabian-art2019A-head?utm_source=LotArt&utm_medium=web&utm_campaign=LotArt2019A
0-15_p002_4bfef4f4;https://www.lot- art.com/auction-bronze-arabian-south-archaeological-03.10.23-south_arabian-youth/719-A-OF-FIGURINE
0-15_p003_fcc0a70a;https://www.lot-art.com/auction-lots/South-Arabian-Large-Bronze-Ibex/75792617
0-15_p004_c0da1350;https://www.lotart.com/auction-lots/South-Arabian-Head-of-Alabaster-Man/77342009-catawiki-05.12.23
0-15_p005_673dba90;https://www.lot-art.com/auction-lots/A-South-Arabian-Limestone-Male-Head/1135-hindman-05.12.23-south_arabian_head
0-15_p006_52386031;https://www.lot-art.com/auction-lots/A-head-of-Alabaster-South-Arabian-Woman-from-Qataban-AD-3rd-1st-Century-07.12.21/17-sothebys
0-15_p007_def7f6ce;https://www.lot-art.com/auction/south_arabian_archaeological-03.10.23-OIL-BRONZE-SOUTH-ARABIAN-LAMP/498a7
0-15_p008_6bee6ec6;https://www.lotart.com/auction/03.10.23-south-arabian-incense-burner/7158
0-15_p009_916ab2dc;https://www.lot-art.com/auction/03.10.23/south_arabian-archaeological-BRONZE-SPHINX/7149
0-15_p010_8edd6db0;https://www.lot-archaeological-south-arabian-bowl/72010
0-15_p011_49b777d2;https://www.lot-art.com/auction/lots/A-STATUE-OF-A-SOUTH-ARABIAN-LADY/711-03.10.23-south_archaeological
0-15_p012_e87323e2;https://www.lot-art.com/auction-lots/A-SOUTH-ARABIAN-ALABASTER-ARCHAEOLOGICAL-HEAD-OF-BULL-WITH-STELLA/712
0-15_p013_0dd4672b;https://www.lot-art.com/auction-lots/A-SOUTH-ARABIAN-ALABASTER-LADY/709-03.10.23-archaeological
0-15_p014_a068dae9;https://www.lot-art.com/auction/timeline-03.9.19-south-arabian-Figure/27314
0-15_p015_9324d7a9;https://www.lot-art.com/auction/south_arabian_stele/266
0-15_p016_db738e8e;https://www.lot-art.com/auction/apollo-10.6.23-south_arabian-STELE/26416
0-15_p017_3fa3bd29;https://www.lotart.com/auction-lots/SOUTH-ARABIAN-FACE-STELE/12517
0-15_p018_ef4d7e3a;https://www.lot-art.com/auction/apollo-12.3.23-south_arabian-lots/SOUTH-ARABIAN-FACE-ALABASTER-STELE/49318
0-15_p019_fb74bc8b;https://www.lot-art.com/auction-lots/SOUTH-ARABIAN-ALABASTER-FACE-STELE/265
0-15_p020_79ae21fe;https://www.lot-art.com/auction-lots/SOUTH-ARABIAN-stone-tile/483
0-15_p021_5426c41f;https://www.lot-art.com/auction-lots/SOUTH-ARABIAN-BRONZE-LION-PROTOME/34?apollo17.12.23
0-15_p022_61a0f22c;https://www.lot-art.com/auction-apollo-17.12.23-south_arabian/BULL-ALABASTER-SOUTH-ARABIAN-lots/STELE/484
0-15_p023_084e2ec4;https://www.lotapollo17.12.23-south_arabian-CAMEL/48723
0-15_p025_05285547;https://www.lotart.com/auction/collection_ancient_south_Arabian-lots/Items/127
0-15_p026_22dd2aa6;https://www.ancient-art.co.uk/near-eastern/south-arabian-gold-childs-ring
0-15_p027_0e0a774f;https://www.ancientart.co.uk/new-items/south-arabian-lion-alabaster-statuette/27
0-15_p028_c7d29530;https://www.ancient-dromedary-bronze-arabian-eastern/south-art.co.uk/near-statuette/28
0-15_p029_708b80f1;https://www.davidaaron.com/artwork/ibex-arabian-details/864793/0/south-frieze
0-15_p030_33da7d09;https://www.davidaaron.com/artwork/details/864849/inscribed-bull-stele/0
0-15_p031_5ab9265a;https://www.davidaaron.com/artworkhead-male-details/862857/0/votive
0-15_p032_b74a4fc2;https://www.davidaaron.com/artwork/woman-a-head-details/862848/0
0-15_p033_c4ceba0a;https://www.davidaaron.com/artwork/funerary-details/862576/0/hasaean-matmat-for-stone
0-15_p034_5ae1c445;https://www.davidaaron.com/artworktable-details/862572/0/libation
0-15_p035_712fea6b;https://www.davidaaron.com/artwork/details/862458/0/anthropomorphic/stele/eye/funerary/35
0-15_p036_88b8da58;https://www.davidaaron.com/artwork/man-a-of-details/862446/0/head
0-15_p037_64fa1f75;https://www.davidaaron.com/artwork/inscription-details/862097/0/qatabanian-37
0-15_p039_5857a955;https://www.davidaaron.com/artwork/details/862433/0/south-arabian-head-of-woman-a
0-15_p045_c931c985;https://www.ancient-art.co.uk/western-asiatic-items/gold-pair-of-earrings/
0-15_p046_0de7aaca;https://www.ancient-agate-jasper-carnelian-asiatic-eastern/western-art.co.uk/near-gold-and-necklace/46
0-15_p047_f7b5981e;https://www.ancient-art.co.uk/near-eastern/western-asiatic-single-gold-earring-with-elaborate-agate-beads/47
0-15_p048_f5d5eba6;https://www.ancientart.co.uk/near-eastern/eastern-electrum-cluster-pendant/
